-- MySQL dump 10.13  Distrib 5.5.40, for Linux (x86_64)
--
-- Host: localhost    Database: biobigbox
-- ------------------------------------------------------
-- Server version	5.5.40

/*!40101 SET @OLD_CHARACTER_SET_CLIENT=@@CHARACTER_SET_CLIENT */;
/*!40101 SET @OLD_CHARACTER_SET_RESULTS=@@CHARACTER_SET_RESULTS */;
/*!40101 SET @OLD_COLLATION_CONNECTION=@@COLLATION_CONNECTION */;
/*!40101 SET NAMES utf8 */;
/*!40103 SET @OLD_TIME_ZONE=@@TIME_ZONE */;
/*!40103 SET TIME_ZONE='+00:00' */;
/*!40014 SET @OLD_UNIQUE_CHECKS=@@UNIQUE_CHECKS, UNIQUE_CHECKS=0 */;
/*!40014 SET @OLD_FOREIGN_KEY_CHECKS=@@FOREIGN_KEY_CHECKS, FOREIGN_KEY_CHECKS=0 */;
/*!40101 SET @OLD_SQL_MODE=@@SQL_MODE, SQL_MODE='NO_AUTO_VALUE_ON_ZERO' */;
/*!40111 SET @OLD_SQL_NOTES=@@SQL_NOTES, SQL_NOTES=0 */;

--
-- Table structure for table `ci_sessions`
--

DROP TABLE IF EXISTS `ci_sessions`;
/*!40101 SET @saved_cs_client     = @@character_set_client */;
/*!40101 SET character_set_client = utf8 */;
CREATE TABLE `ci_sessions` (
  `session_id` varchar(40) NOT NULL DEFAULT '0',
  `ip_address` varchar(45) NOT NULL DEFAULT '0',
  `user_agent` varchar(120) NOT NULL,
  `last_activity` int(10) unsigned NOT NULL DEFAULT '0',
  `user_data` text NOT NULL,
  PRIMARY KEY (`session_id`),
  KEY `last_activity_idx` (`last_activity`)
) ENGINE=MyISAM DEFAULT CHARSET=utf8;
/*!40101 SET character_set_client = @saved_cs_client */;

--
-- Dumping data for table `ci_sessions`
--

LOCK TABLES `ci_sessions` WRITE;
/*!40000 ALTER TABLE `ci_sessions` DISABLE KEYS */;
INSERT INTO `ci_sessions` VALUES ('d05f144179b2bedba5c84becd15e76a9','182.118.55.189','Go 1.1 package http',1419440061,'a:2:{s:9:\"user_data\";s:0:\"\";s:7:\"captcha\";b:0;}'),('f25f0f78af314afd9c43f56c2b6fc73c','5.29.167.121','Mozilla/5.0 (Windows NT 6.3; WOW64) AppleWebKit/537.36 (KHTML, like Gecko) Chrome/39.0.2171.95 Safari/537.36',1419451677,'a:4:{s:9:\"user_data\";s:0:\"\";s:7:\"captcha\";b:0;s:4:\"user\";a:13:{s:2:\"id\";s:2:\"36\";s:8:\"username\";s:16:\"msaltz@gmail.com\";s:9:\"firstname\";s:0:\"\";s:8:\"lastname\";s:0:\"\";s:6:\"typeid\";s:1:\"0\";s:9:\"packageid\";s:1:\"1\";s:7:\"created\";s:19:\"2013-01-29 11:52:07\";s:9:\"lastlogin\";s:19:\"2014-12-24 14:49:06\";s:4:\"uuid\";s:23:\"548569650987b6.95436206\";s:9:\"smsnumber\";s:0:\"\";s:18:\"emailnotifications\";s:1:\"1\";s:16:\"smsnotifications\";s:1:\"1\";s:9:\"confirmed\";s:1:\"1\";}s:4:\"json\";b:1;}'),('7a86388a3ffd804cb0585c9bb2efbb2a','66.249.64.126','Mozilla/5.0 (compatible; Googlebot/2.1; +http://www.google.com/bot.html)',1419401226,'a:2:{s:9:\"user_data\";s:0:\"\";s:7:\"captcha\";b:0;}'),('9d0abf3653e595b12f488adc334267aa','202.46.57.63','Mozilla/4.0 (compatible; MSIE 7.0; Windows NT 6.0)',1419404808,'a:2:{s:9:\"user_data\";s:0:\"\";s:7:\"captcha\";b:0;}'),('0194d6eba6f1a7bc397be6eb130bfbac','119.63.193.195','Mozilla/4.0 (compatible; MSIE 7.0; Windows NT 6.0)',1419404888,'a:2:{s:9:\"user_data\";s:0:\"\";s:7:\"captcha\";b:0;}'),('f40fdf4b9c498582dfc350a328d201a9','66.249.64.159','Mozilla/5.0 (iPhone; CPU iPhone OS 6_0 like Mac OS X) AppleWebKit/536.26 (KHTML, like Gecko) Version/6.0 Mobile/10A5376e',1419406483,'a:2:{s:9:\"user_data\";s:0:\"\";s:7:\"captcha\";b:0;}'),('c25aee6f9590086c3717faa97b24b193','202.46.61.33','Mozilla/4.0 (compatible; MSIE 7.0; Windows NT 6.0)',1419411921,'a:2:{s:9:\"user_data\";s:0:\"\";s:7:\"captcha\";b:0;}'),('e6baa5491f2f652fc788210113ab1531','119.63.193.132','Mozilla/4.0 (compatible; MSIE 7.0; Windows NT 6.0)',1419411998,'a:2:{s:9:\"user_data\";s:0:\"\";s:7:\"captcha\";b:0;}'),('6b05a5621b5322c0f0ab6b68ea730513','66.249.64.126','Mozilla/5.0 (compatible; Googlebot/2.1; +http://www.google.com/bot.html)',1419415375,'a:2:{s:9:\"user_data\";s:0:\"\";s:7:\"captcha\";b:0;}'),('4afd66159e8b8c38880d60676e4e7ca9','54.224.106.217','Mozilla/4.0 (compatible; MSIE 6.0; Windows NT 5.1; SV1; InfoPath.2)',1419417681,'a:2:{s:9:\"user_data\";s:0:\"\";s:7:\"captcha\";b:0;}'),('59a3335d107b5ff0af611668d07663c3','202.46.60.66','Mozilla/4.0 (compatible; MSIE 7.0; Windows NT 6.0)',1419419089,'a:2:{s:9:\"user_data\";s:0:\"\";s:7:\"captcha\";b:0;}'),('ce474b6d1073ae87692dca678e1130ef','119.63.193.196','Mozilla/4.0 (compatible; MSIE 7.0; Windows NT 6.0)',1419419164,'a:2:{s:9:\"user_data\";s:0:\"\";s:7:\"captcha\";b:0;}'),('45de99aaaa52a649db1f8f3e0d98e058','117.247.164.101','Mozilla/5.0 (Windows NT 6.1; rv:34.0) Gecko/20100101 Firefox/34.0',1419420656,'a:2:{s:9:\"user_data\";s:0:\"\";s:7:\"captcha\";b:0;}'),('e82032249e534de29c63071bff82d65a','117.247.164.101','Mozilla/5.0 (Windows NT 6.1; rv:34.0) Gecko/20100101 Firefox/34.0',1419420657,'a:2:{s:9:\"user_data\";s:0:\"\";s:7:\"captcha\";b:0;}'),('85d1b0195384e3e753427a668016214e','117.247.164.101','Mozilla/5.0 (Windows NT 6.1; rv:34.0) Gecko/20100101 Firefox/34.0',1419420657,'a:2:{s:9:\"user_data\";s:0:\"\";s:7:\"captcha\";b:0;}'),('4d879eb2455b9125fa1d3bed216c5c1a','117.247.164.101','Mozilla/5.0 (Windows NT 6.1; rv:34.0) Gecko/20100101 Firefox/34.0',1419426631,'a:2:{s:9:\"user_data\";s:0:\"\";s:7:\"captcha\";b:0;}'),('593cbe8b77e5cdf8c69113e33eb83b4e','66.249.67.126','Mozilla/5.0 (compatible; Googlebot/2.1; +http://www.google.com/bot.html)',1419424966,'a:2:{s:9:\"user_data\";s:0:\"\";s:7:\"captcha\";b:0;}'),('3e69f15282fd89a3ba2a8f1c53d16a34','202.46.55.53','Mozilla/4.0 (compatible; MSIE 7.0; Windows NT 6.0)',1419426483,'a:2:{s:9:\"user_data\";s:0:\"\";s:7:\"captcha\";b:0;}'),('fda64bc13e7037d08c8de0e8ae559314','119.63.193.195','Mozilla/4.0 (compatible; MSIE 7.0; Windows NT 6.0)',1419426568,'a:2:{s:9:\"user_data\";s:0:\"\";s:7:\"captcha\";b:0;}'),('25fbb2219d2fc16cb727e137624f9b8f','63.250.242.35','Mozilla/5.0 (Macintosh; Intel Mac OS X 10_6_8) AppleWebKit/537.36 (KHTML, like Gecko) Chrome/39.0.2171.95 Safari/537.36',1419459263,'a:2:{s:9:\"user_data\";s:0:\"\";s:7:\"captcha\";b:0;}'),('d84df2e6b6d17a1f7b3975021df5ac88','5.29.167.121','Mozilla/5.0 (Windows NT 6.3; WOW64) AppleWebKit/537.36 (KHTML, like Gecko) Chrome/39.0.2171.95 Safari/537.36',1419432506,'a:2:{s:9:\"user_data\";s:0:\"\";s:7:\"captcha\";b:0;}'),('2e184c15bcb40b6fe636941ab30da30b','5.29.167.121','Mozilla/5.0 (Windows NT 6.3; WOW64) AppleWebKit/537.36 (KHTML, like Gecko) Chrome/39.0.2171.95 Safari/537.36',1419437653,'a:4:{s:9:\"user_data\";s:0:\"\";s:7:\"captcha\";b:0;s:4:\"json\";b:1;s:4:\"user\";a:13:{s:2:\"id\";s:2:\"36\";s:8:\"username\";s:16:\"msaltz@gmail.com\";s:9:\"firstname\";s:0:\"\";s:8:\"lastname\";s:0:\"\";s:6:\"typeid\";s:1:\"0\";s:9:\"packageid\";s:1:\"1\";s:7:\"created\";s:19:\"2013-01-29 11:52:07\";s:9:\"lastlogin\";s:19:\"2014-12-15 16:40:29\";s:4:\"uuid\";s:23:\"548569650987b6.95436206\";s:9:\"smsnumber\";s:0:\"\";s:18:\"emailnotifications\";s:1:\"1\";s:16:\"smsnotifications\";s:1:\"1\";s:9:\"confirmed\";s:1:\"0\";}}'),('dc4f4cded7e26491a2d1ca65e0bcdd98','5.29.167.121','Mozilla/5.0 (Windows NT 6.3; WOW64) AppleWebKit/537.36 (KHTML, like Gecko) Chrome/39.0.2171.95 Safari/537.36',1419437660,'a:4:{s:9:\"user_data\";s:0:\"\";s:7:\"captcha\";b:0;s:4:\"user\";a:13:{s:2:\"id\";s:2:\"47\";s:8:\"username\";s:19:\"plan@blueskybio.com\";s:9:\"firstname\";s:0:\"\";s:8:\"lastname\";s:0:\"\";s:6:\"typeid\";s:1:\"1\";s:9:\"packageid\";s:1:\"1\";s:7:\"created\";s:19:\"2014-11-18 18:56:01\";s:9:\"lastlogin\";s:19:\"2014-12-24 15:01:13\";s:4:\"uuid\";s:23:\"54998a04a7a0a4.66254367\";s:9:\"smsnumber\";s:0:\"\";s:18:\"emailnotifications\";s:1:\"1\";s:16:\"smsnotifications\";s:1:\"1\";s:9:\"confirmed\";s:1:\"1\";}s:4:\"json\";b:1;}'),('99354962d2c51d0d7021da2c126836d1','202.46.62.23','Mozilla/4.0 (compatible; MSIE 7.0; Windows NT 6.0)',1419433355,'a:2:{s:9:\"user_data\";s:0:\"\";s:7:\"captcha\";b:0;}'),('ebb11a36e18231862dae4c909c9b008d','119.63.193.130','Mozilla/4.0 (compatible; MSIE 7.0; Windows NT 6.0)',1419433424,'a:2:{s:9:\"user_data\";s:0:\"\";s:7:\"captcha\";b:0;}'),('310a5c3ffc73bd276bd1409fd5201e91','119.63.193.194','Mozilla/4.0 (compatible; MSIE 7.0; Windows NT 6.0)',1419397737,'a:2:{s:9:\"user_data\";s:0:\"\";s:7:\"captcha\";b:0;}'),('bdc92367366d48491061a4b8a8debbd6','119.63.193.195','Mozilla/4.0 (compatible; MSIE 7.0; Windows NT 6.0)',1419390844,'a:2:{s:9:\"user_data\";s:0:\"\";s:7:\"captcha\";b:0;}'),('1bce8c8acc002ace96a3f2f197a89e25','202.46.51.41','Mozilla/4.0 (compatible; MSIE 7.0; Windows NT 6.0)',1419397656,'a:2:{s:9:\"user_data\";s:0:\"\";s:7:\"captcha\";b:0;}'),('1f425b7a8148df2167f63e1be5e3033b','202.46.48.26','Mozilla/4.0 (compatible; MSIE 7.0; Windows NT 6.0)',1419390749,'a:2:{s:9:\"user_data\";s:0:\"\";s:7:\"captcha\";b:0;}'),('f156cc6aa405fd53fcf653b802d7770f','64.233.172.250','Mozilla/5.0 (Windows NT 6.1; rv:6.0) Gecko/20110814 Firefox/6.0 Google favicon',1419386112,'a:2:{s:9:\"user_data\";s:0:\"\";s:7:\"captcha\";b:0;}'),('b34d07626c14930c887d5e50b26d6a1d','66.249.64.122','Mozilla/5.0 (compatible; Googlebot/2.1; +http://www.google.com/bot.html)',1419390694,'a:2:{s:9:\"user_data\";s:0:\"\";s:7:\"captcha\";b:0;}'),('72db5bbd5627b1eb347557df0ddddef2','119.63.193.195','Mozilla/4.0 (compatible; MSIE 7.0; Windows NT 6.0)',1419383289,'a:2:{s:9:\"user_data\";s:0:\"\";s:7:\"captcha\";b:0;}'),('5253873b111c48018697a6545ed37080','71.194.11.43','Mozilla/5.0 (Windows NT 6.1; WOW64) AppleWebKit/537.36 (KHTML, like Gecko) Chrome/39.0.2171.95 Safari/537.36',1419388928,'a:4:{s:9:\"user_data\";s:0:\"\";s:7:\"captcha\";b:0;s:4:\"json\";b:1;s:13:\"flash:new:msg\";a:2:{i:0;s:7:\"success\";i:1;s:78:\"Instructions for resetting your password have been sent to your email address.\";}}'),('28a42936473562ea650c7de9b2c0b9b7','202.46.50.14','Mozilla/4.0 (compatible; MSIE 7.0; Windows NT 6.0)',1419484067,'a:2:{s:9:\"user_data\";s:0:\"\";s:7:\"captcha\";b:0;}'),('1deb120ad0883d8a94b5e48650c260ef','119.63.193.195','Mozilla/4.0 (compatible; MSIE 7.0; Windows NT 6.0)',1419484148,'a:2:{s:9:\"user_data\";s:0:\"\";s:7:\"captcha\";b:0;}'),('c7cd91f0abfcc3292a1c1f10413dc2e8','71.194.11.43','Mozilla/5.0 (Windows NT 6.1; WOW64) AppleWebKit/537.36 (KHTML, like Gecko) Chrome/39.0.2171.95 Safari/537.36',1419484838,'a:2:{s:9:\"user_data\";s:0:\"\";s:7:\"captcha\";b:0;}'),('717d9b672415d19922cd87e80be2ab68','180.76.5.149','Mozilla/5.0 (compatible; Baiduspider/2.0; +http://www.baidu.com/search/spider.html)',1419488276,'a:2:{s:9:\"user_data\";s:0:\"\";s:7:\"captcha\";b:0;}'),('a895e607934cff977fd283a9de90c80e','202.46.60.18','Mozilla/4.0 (compatible; MSIE 7.0; Windows NT 6.0)',1419491203,'a:2:{s:9:\"user_data\";s:0:\"\";s:7:\"captcha\";b:0;}'),('6e54707de771bb81b7129cfd85c93b32','202.46.54.56','Mozilla/4.0 (compatible; MSIE 7.0; Windows NT 6.0)',1419498357,'a:2:{s:9:\"user_data\";s:0:\"\";s:7:\"captcha\";b:0;}'),('c1f5477905372786a37fd6e2388c2aca','119.63.193.131','Mozilla/4.0 (compatible; MSIE 7.0; Windows NT 6.0)',1419498434,'a:2:{s:9:\"user_data\";s:0:\"\";s:7:\"captcha\";b:0;}'),('63d30d59d7c8e219cf92f0e1d33bb980','202.46.51.40','Mozilla/4.0 (compatible; MSIE 7.0; Windows NT 6.0)',1419505504,'a:2:{s:9:\"user_data\";s:0:\"\";s:7:\"captcha\";b:0;}'),('87c14be1485772232e4884c0db6d4c8b','31.168.135.94','Mozilla/5.0 (Windows NT 6.1; WOW64) AppleWebKit/537.36 (KHTML, like Gecko) Chrome/39.0.2171.95 Safari/537.36',1419363936,'a:4:{s:9:\"user_data\";s:0:\"\";s:7:\"captcha\";b:0;s:4:\"user\";a:13:{s:2:\"id\";s:2:\"40\";s:8:\"username\";s:17:\"yishail@gmail.com\";s:9:\"firstname\";s:0:\"\";s:8:\"lastname\";s:0:\"\";s:6:\"typeid\";s:1:\"0\";s:9:\"packageid\";s:1:\"1\";s:7:\"created\";s:19:\"2014-11-16 21:48:17\";s:9:\"lastlogin\";s:19:\"2014-12-23 19:45:33\";s:4:\"uuid\";s:23:\"5499c68795d706.81801104\";s:9:\"smsnumber\";s:0:\"\";s:18:\"emailnotifications\";s:1:\"1\";s:16:\"smsnotifications\";s:1:\"1\";s:9:\"confirmed\";s:1:\"1\";}s:4:\"json\";b:1;}'),('ba31c617adab2a428f821d77d173b559','119.63.193.194','Mozilla/4.0 (compatible; MSIE 7.0; Windows NT 6.0)',1419519760,'a:2:{s:9:\"user_data\";s:0:\"\";s:7:\"captcha\";b:0;}'),('f4e4d7d5ee247b5df0ef8787b6f13fd3','202.46.61.31','Mozilla/4.0 (compatible; MSIE 7.0; Windows NT 6.0)',1419519701,'a:2:{s:9:\"user_data\";s:0:\"\";s:7:\"captcha\";b:0;}'),('f898da07ea12a8dd1982a125ab165408','31.168.135.94','Mozilla/5.0 (Windows NT 6.1; WOW64) AppleWebKit/537.36 (KHTML, like Gecko) Chrome/39.0.2171.95 Safari/537.36',1419363437,'a:4:{s:9:\"user_data\";s:0:\"\";s:7:\"captcha\";b:0;s:4:\"user\";a:13:{s:2:\"id\";s:2:\"40\";s:8:\"username\";s:17:\"yishail@gmail.com\";s:9:\"firstname\";s:0:\"\";s:8:\"lastname\";s:0:\"\";s:6:\"typeid\";s:1:\"0\";s:9:\"packageid\";s:1:\"1\";s:7:\"created\";s:19:\"2014-11-16 21:48:17\";s:9:\"lastlogin\";s:19:\"2014-12-23 19:34:59\";s:4:\"uuid\";s:23:\"5499c4872e2d71.75116006\";s:9:\"smsnumber\";s:0:\"\";s:18:\"emailnotifications\";s:1:\"1\";s:16:\"smsnotifications\";s:1:\"1\";s:9:\"confirmed\";s:1:\"1\";}s:4:\"json\";b:1;}'),('d59741ccb2aca0f6d6f9bf8c00ff71cd','31.168.135.94','Mozilla/5.0 (Windows NT 6.1; WOW64) AppleWebKit/537.36 (KHTML, like Gecko) Chrome/39.0.2171.95 Safari/537.36',1419363866,'a:2:{s:9:\"user_data\";s:0:\"\";s:7:\"captcha\";b:0;}'),('88a094d4505e57375579fb9906109409','31.168.135.94','Mozilla/5.0 (Windows NT 6.1; WOW64) AppleWebKit/537.36 (KHTML, like Gecko) Chrome/39.0.2171.95 Safari/537.36',1419363866,'a:4:{s:9:\"user_data\";s:0:\"\";s:7:\"captcha\";b:0;s:4:\"user\";a:13:{s:2:\"id\";s:2:\"40\";s:8:\"username\";s:17:\"yishail@gmail.com\";s:9:\"firstname\";s:0:\"\";s:8:\"lastname\";s:0:\"\";s:6:\"typeid\";s:1:\"0\";s:9:\"packageid\";s:1:\"1\";s:7:\"created\";s:19:\"2014-11-16 21:48:17\";s:9:\"lastlogin\";s:19:\"2014-12-23 19:37:50\";s:4:\"uuid\";s:23:\"5499c5123f6971.04158449\";s:9:\"smsnumber\";s:0:\"\";s:18:\"emailnotifications\";s:1:\"1\";s:16:\"smsnotifications\";s:1:\"1\";s:9:\"confirmed\";s:1:\"1\";}s:4:\"json\";b:1;}'),('d54ffb497e04bf143a902a7e61173a5d','5.29.167.121','Mozilla/5.0 (Windows NT 6.3; WOW64) AppleWebKit/537.36 (KHTML, like Gecko) Chrome/39.0.2171.95 Safari/537.36',1419458284,'a:2:{s:9:\"user_data\";s:0:\"\";s:7:\"captcha\";b:0;}'),('af250c4e2999fc97e5d3d4124c052fb4','202.46.63.44','Mozilla/4.0 (compatible; MSIE 7.0; Windows NT 6.0)',1419447967,'a:2:{s:9:\"user_data\";s:0:\"\";s:7:\"captcha\";b:0;}'),('4cf8e403a08f8cd9093ed438381b3664','119.63.193.194','Mozilla/4.0 (compatible; MSIE 7.0; Windows NT 6.0)',1419448049,'a:2:{s:9:\"user_data\";s:0:\"\";s:7:\"captcha\";b:0;}'),('e89d8e265f081d85c7d8f0af39a33a75','66.249.67.31','Mozilla/5.0 (iPhone; CPU iPhone OS 6_0 like Mac OS X) AppleWebKit/536.26 (KHTML, like Gecko) Version/6.0 Mobile/10A5376e',1419448370,'a:2:{s:9:\"user_data\";s:0:\"\";s:7:\"captcha\";b:0;}'),('923ce25ff5f75fcea2b198698152f1cc','5.29.167.121','Mozilla/5.0 (Windows NT 6.3; WOW64; Trident/7.0; rv:11.0) like Gecko',1419504011,'a:4:{s:9:\"user_data\";s:0:\"\";s:7:\"captcha\";b:0;s:4:\"user\";a:13:{s:2:\"id\";s:2:\"47\";s:8:\"username\";s:19:\"plan@blueskybio.com\";s:9:\"firstname\";s:0:\"\";s:8:\"lastname\";s:0:\"\";s:6:\"typeid\";s:1:\"1\";s:9:\"packageid\";s:1:\"1\";s:7:\"created\";s:19:\"2014-11-18 18:56:01\";s:9:\"lastlogin\";s:19:\"2014-12-12 08:20:19\";s:4:\"uuid\";s:23:\"54998a04a7a0a4.66254367\";s:9:\"smsnumber\";s:0:\"\";s:18:\"emailnotifications\";s:1:\"1\";s:16:\"smsnotifications\";s:1:\"1\";s:9:\"confirmed\";s:1:\"0\";}s:4:\"json\";b:1;}'),('b5a7eb9e4497f4f5957238c7e4eb8dd1','119.63.193.131','Mozilla/4.0 (compatible; MSIE 7.0; Windows NT 6.0)',1419505579,'a:2:{s:9:\"user_data\";s:0:\"\";s:7:\"captcha\";b:0;}'),('3f9f307932e2f51077c1432c495480ea','54.198.24.23','Cloud mapping experiment. Contact research@pdrlabs.net',1419507053,'a:2:{s:9:\"user_data\";s:0:\"\";s:7:\"captcha\";b:0;}'),('d65cfb9257c41e6c9ea5fd43f5a89308','202.46.48.26','Mozilla/4.0 (compatible; MSIE 7.0; Windows NT 6.0)',1419375937,'a:2:{s:9:\"user_data\";s:0:\"\";s:7:\"captcha\";b:0;}'),('742fe6888fedda83427df8943a69b1ed','119.63.193.194','Mozilla/4.0 (compatible; MSIE 7.0; Windows NT 6.0)',1419376014,'a:2:{s:9:\"user_data\";s:0:\"\";s:7:\"captcha\";b:0;}'),('5c51b1e1d77d75c333903b2fb1e5be0b','66.249.64.122','Mozilla/5.0 (compatible; Googlebot/2.1; +http://www.google.com/bot.html)',1419376541,'a:2:{s:9:\"user_data\";s:0:\"\";s:7:\"captcha\";b:0;}'),('2887a73bf4d38eade4aaae6aab325f85','202.46.49.70','Mozilla/4.0 (compatible; MSIE 7.0; Windows NT 6.0)',1419383208,'a:2:{s:9:\"user_data\";s:0:\"\";s:7:\"captcha\";b:0;}'),('c17e50a11f47ec1742cf657d61ce1e8c','66.249.64.118','Mozilla/5.0 (compatible; Googlebot/2.1; +http://www.google.com/bot.html)',1419369560,'a:2:{s:9:\"user_data\";s:0:\"\";s:7:\"captcha\";b:0;}'),('2601735abbfa44ff6cdbcd993a750388','5.29.167.121','Mozilla/5.0 (Windows NT 6.3; WOW64) AppleWebKit/537.36 (KHTML, like Gecko) Chrome/39.0.2171.95 Safari/537.36',1419412719,'a:4:{s:9:\"user_data\";s:0:\"\";s:7:\"captcha\";b:0;s:4:\"user\";a:13:{s:2:\"id\";s:2:\"45\";s:8:\"username\";s:17:\"m.saltz@gmail.com\";s:9:\"firstname\";s:0:\"\";s:8:\"lastname\";s:0:\"\";s:6:\"typeid\";s:1:\"0\";s:9:\"packageid\";s:1:\"1\";s:7:\"created\";s:19:\"2014-11-18 11:13:20\";s:9:\"lastlogin\";s:19:\"2014-12-23 14:40:37\";s:4:\"uuid\";s:23:\"546bb7f2120066.47682114\";s:9:\"smsnumber\";s:0:\"\";s:18:\"emailnotifications\";s:1:\"1\";s:16:\"smsnotifications\";s:1:\"1\";s:9:\"confirmed\";s:1:\"1\";}s:4:\"json\";b:1;}'),('a24111c9b0a7921dee712ad69ed3130a','106.187.103.167','0',1419367460,'a:2:{s:9:\"user_data\";s:0:\"\";s:7:\"captcha\";b:0;}'),('3c4974566348db035d842caca3cad551','31.168.135.94','Mozilla/5.0 (Windows NT 6.1; WOW64) AppleWebKit/537.36 (KHTML, like Gecko) Chrome/39.0.2171.95 Safari/537.36',1419364041,'a:3:{s:9:\"user_data\";s:0:\"\";s:7:\"captcha\";b:0;s:13:\"flash:new:msg\";a:2:{i:0;s:7:\"success\";i:1;s:78:\"Instructions for resetting your password have been sent to your email address.\";}}'),('9e33ba577ea5264c3ff380fe1452a558','31.168.135.94','Mozilla/5.0 (Windows NT 6.1; WOW64) AppleWebKit/537.36 (KHTML, like Gecko) Chrome/39.0.2171.95 Safari/537.36',1419363990,'a:4:{s:9:\"user_data\";s:0:\"\";s:7:\"captcha\";b:0;s:4:\"user\";a:13:{s:2:\"id\";s:2:\"40\";s:8:\"username\";s:17:\"yishail@gmail.com\";s:9:\"firstname\";s:0:\"\";s:8:\"lastname\";s:0:\"\";s:6:\"typeid\";s:1:\"0\";s:9:\"packageid\";s:1:\"1\";s:7:\"created\";s:19:\"2014-11-16 21:48:17\";s:9:\"lastlogin\";s:19:\"2014-12-23 19:46:27\";s:4:\"uuid\";s:23:\"5499c69f2cffe9.02212966\";s:9:\"smsnumber\";s:0:\"\";s:18:\"emailnotifications\";s:1:\"1\";s:16:\"smsnotifications\";s:1:\"1\";s:9:\"confirmed\";s:1:\"1\";}s:4:\"json\";b:1;}'),('9c8e209dd10dcceec28d22f4f7d190c7','109.186.185.104','Mozilla/5.0 (Windows NT 6.3; WOW64) AppleWebKit/537.36 (KHTML, like Gecko) Chrome/39.0.2171.95 Safari/537.36',1419364361,'a:2:{s:9:\"user_data\";s:0:\"\";s:7:\"captcha\";b:0;}'),('673e9edd6e9e4922a93690b3618713e8','64.233.172.245','Mozilla/5.0 (Windows NT 6.1; rv:6.0) Gecko/20110814 Firefox/6.0 Google favicon',1419479492,'a:2:{s:9:\"user_data\";s:0:\"\";s:7:\"captcha\";b:0;}'),('dd341dab49bf74d18933e42bccfe62ed','5.29.167.121','Mozilla/5.0 (Windows NT 6.3; WOW64) AppleWebKit/537.36 (KHTML, like Gecko) Chrome/39.0.2171.95 Safari/537.36',1419365696,'a:3:{s:9:\"user_data\";s:0:\"\";s:7:\"captcha\";b:0;s:13:\"flash:old:msg\";a:2:{i:0;s:7:\"success\";i:1;s:78:\"Instructions for resetting your password have been sent to your email address.\";}}'),('7f5851bdf6e3c5004cb7aacdc524a89c','119.63.193.132','Mozilla/4.0 (compatible; MSIE 7.0; Windows NT 6.0)',1419476633,'a:2:{s:9:\"user_data\";s:0:\"\";s:7:\"captcha\";b:0;}'),('f04d24d893f196f7379d4ecb1c949a3f','71.194.11.43','Mozilla/5.0 (Windows NT 6.1; WOW64) AppleWebKit/537.36 (KHTML, like Gecko) Chrome/39.0.2171.95 Safari/537.36',1419522071,'a:2:{s:9:\"user_data\";s:0:\"\";s:7:\"captcha\";b:0;}'),('ef7f7d6bb084fdf7f9c89908be40bdd3','202.46.61.32','Mozilla/4.0 (compatible; MSIE 7.0; Windows NT 6.0)',1419476565,'a:2:{s:9:\"user_data\";s:0:\"\";s:7:\"captcha\";b:0;}'),('aa4c321c29a83b806cd6848c6d1dea65','172.56.14.92','Mozilla/5.0 (Linux; Android 4.2.1; ThL W300 Build/JOP40D) AppleWebKit/537.36 (KHTML, like Gecko) Chrome/39.0.2171.93 Mob',1419468287,'a:2:{s:9:\"user_data\";s:0:\"\";s:7:\"captcha\";b:0;}'),('bdb5b6f1753767e56c052ee5171bde8a','202.46.62.33','Mozilla/4.0 (compatible; MSIE 7.0; Windows NT 6.0)',1419469641,'a:2:{s:9:\"user_data\";s:0:\"\";s:7:\"captcha\";b:0;}'),('b03b3f9c3130028f828cb061ea7303de','119.63.193.130','Mozilla/4.0 (compatible; MSIE 7.0; Windows NT 6.0)',1419469722,'a:2:{s:9:\"user_data\";s:0:\"\";s:7:\"captcha\";b:0;}'),('4c270ff1fa20f54f9e1623506cc7dfb5','119.63.193.195','Mozilla/4.0 (compatible; MSIE 7.0; Windows NT 6.0)',1419455246,'a:2:{s:9:\"user_data\";s:0:\"\";s:7:\"captcha\";b:0;}'),('308c57eec02a7f5476868ec7b30fd9e8','66.249.88.211','Mozilla/5.0 (Windows NT 6.1; rv:6.0) Gecko/20110814 Firefox/6.0 Google favicon',1419458535,'a:2:{s:9:\"user_data\";s:0:\"\";s:7:\"captcha\";b:0;}'),('3474e6dd0d62155e35e292325458afd7','202.46.63.79','Mozilla/4.0 (compatible; MSIE 7.0; Windows NT 6.0)',1419462345,'a:2:{s:9:\"user_data\";s:0:\"\";s:7:\"captcha\";b:0;}'),('49ba0a338ef5a1ca70bb7166d1c75788','119.63.193.130','Mozilla/4.0 (compatible; MSIE 7.0; Windows NT 6.0)',1419462419,'a:2:{s:9:\"user_data\";s:0:\"\";s:7:\"captcha\";b:0;}'),('714d957d71ab8192be85721a3ea89b7e','31.168.135.94','Mozilla/5.0 (Windows NT 6.1; WOW64) AppleWebKit/537.36 (KHTML, like Gecko) Chrome/39.0.2171.95 Safari/537.36',1419363299,'a:4:{s:9:\"user_data\";s:0:\"\";s:7:\"captcha\";b:0;s:4:\"user\";a:13:{s:2:\"id\";s:2:\"40\";s:8:\"username\";s:17:\"yishail@gmail.com\";s:9:\"firstname\";s:0:\"\";s:8:\"lastname\";s:0:\"\";s:6:\"typeid\";s:1:\"0\";s:9:\"packageid\";s:1:\"1\";s:7:\"created\";s:19:\"2014-11-16 21:48:17\";s:9:\"lastlogin\";s:19:\"2014-12-23 13:57:12\";s:4:\"uuid\";s:23:\"5499c1d8aa2cf5.73727503\";s:9:\"smsnumber\";s:0:\"\";s:18:\"emailnotifications\";s:1:\"1\";s:16:\"smsnotifications\";s:1:\"1\";s:9:\"confirmed\";s:1:\"1\";}s:4:\"json\";b:1;}'),('20acb8c0741df05fc1c01d49832754b8','202.46.56.41','Mozilla/4.0 (compatible; MSIE 7.0; Windows NT 6.0)',1419455169,'a:2:{s:9:\"user_data\";s:0:\"\";s:7:\"captcha\";b:0;}');
/*!40000 ALTER TABLE `ci_sessions` ENABLE KEYS */;
UNLOCK TABLES;

--
-- Table structure for table `downloads`
--

DROP TABLE IF EXISTS `downloads`;
/*!40101 SET @saved_cs_client     = @@character_set_client */;
/*!40101 SET character_set_client = utf8 */;
CREATE TABLE `downloads` (
  `fileid` int(11) NOT NULL,
  `userid` int(11) NOT NULL,
  `timestamp` timestamp NOT NULL DEFAULT CURRENT_TIMESTAMP ON UPDATE CURRENT_TIMESTAMP,
  KEY `ix_fileid_userid` (`fileid`,`userid`)
) ENGINE=InnoDB DEFAULT CHARSET=utf8;
/*!40101 SET character_set_client = @saved_cs_client */;

--
-- Dumping data for table `downloads`
--

LOCK TABLES `downloads` WRITE;
/*!40000 ALTER TABLE `downloads` DISABLE KEYS */;
INSERT INTO `downloads` VALUES (358,34,'2014-12-21 15:37:49'),(358,34,'2014-12-20 15:44:23'),(358,34,'2014-12-21 15:55:22'),(363,34,'2014-12-21 16:53:33');
/*!40000 ALTER TABLE `downloads` ENABLE KEYS */;
UNLOCK TABLES;

--
-- Table structure for table `files`
--

DROP TABLE IF EXISTS `files`;
/*!40101 SET @saved_cs_client     = @@character_set_client */;
/*!40101 SET character_set_client = utf8 */;
CREATE TABLE `files` (
  `id` int(11) unsigned NOT NULL AUTO_INCREMENT,
  `filename` varchar(256) NOT NULL,
  `ownerid` int(11) unsigned NOT NULL,
  `patientid` int(11) unsigned NOT NULL,
  `size` bigint(20) NOT NULL,
  `mimetype` varchar(64) NOT NULL DEFAULT 'application/octet-stream',
  `status` int(11) NOT NULL DEFAULT '1',
  `version` int(11) unsigned NOT NULL DEFAULT '1',
  `ver1id` int(11) unsigned NOT NULL,
  `confirmed` tinyint(1) NOT NULL,
  `created` timestamp NOT NULL DEFAULT CURRENT_TIMESTAMP,
  PRIMARY KEY (`id`),
  KEY `ix_owner` (`ownerid`)
) ENGINE=MyISAM AUTO_INCREMENT=429 DEFAULT CHARSET=utf8;
/*!40101 SET character_set_client = @saved_cs_client */;

--
-- Dumping data for table `files`
--

LOCK TABLES `files` WRITE;
/*!40000 ALTER TABLE `files` DISABLE KEYS */;
INSERT INTO `files` VALUES (1,'glyphicons-halflings-white.png',1,2,8777,'image/png',2,1,1,0,'2012-06-22 01:11:06'),(2,'favicon.ico',4,1,1150,'image/x-icon',1,1,2,0,'2012-06-22 01:13:58'),(3,'cloudsafe.png',1,5,6179,'image/png',2,1,3,0,'2012-06-22 01:14:33'),(4,'cloudsafe.png',4,2,6179,'image/png',3,1,4,0,'2012-06-22 01:16:48'),(5,'image.jpg',1,5,290916,'image/jpeg',1,1,5,0,'2012-06-22 14:22:11'),(6,'fences.jpg',4,5,158976,'image/jpeg',3,1,6,0,'2012-06-23 22:03:24'),(7,'IMG_5034.JPG',1,4,378015,'image/jpeg',1,1,7,0,'2012-06-23 22:05:44'),(8,'IMG_5144.JPG',1,2,336268,'image/jpeg',4,1,8,0,'2012-06-23 22:06:52'),(9,'IMG_5176.JPG',1,4,317803,'image/jpeg',1,1,9,0,'2012-06-23 22:08:20'),(10,'email_graph.pdf',1,3,6664,'application/pdf',3,1,10,0,'2012-06-24 12:42:31'),(11,'email_graph.xls',1,5,15360,'application/vnd.ms-excel',1,1,11,0,'2012-06-25 10:58:16'),(12,'March2012.xls',1,2,39936,'application/vnd.ms-excel',2,1,12,0,'2012-06-25 13:50:49'),(13,'hendrix_2.jpg',1,5,1037473,'image/jpeg',1,1,13,0,'2012-06-25 17:21:08'),(14,'dan35_tabservices_2011-03-01.sql.gz',1,3,6470666,'application/gzip',1,1,14,0,'2012-06-25 17:30:18'),(16,'receipts 2011.xls',1,1,18432,'application/vnd.ms-excel',1,1,16,0,'2012-07-19 12:51:04'),(17,'games.sql',1,2,8378,'application/octet-stream',1,1,17,0,'2012-07-19 15:01:23'),(18,'pilot.png',1,1,480111,'image/png',1,1,18,0,'2012-07-19 15:03:53'),(19,'TAB-Invoice-June-2012 (1).pdf',1,3,7727,'application/pdf',1,1,19,0,'2012-07-19 15:11:15'),(20,'dan35_orshade.sql',1,3,230645,'application/octet-stream',1,1,20,0,'2012-07-19 15:12:59'),(21,'2GBCTL (2).pdf',1,3,552181,'application/pdf',2,1,21,0,'2012-07-19 15:15:57'),(22,'cancellation.doc',1,5,24064,'application/msword',1,1,22,0,'2012-07-19 15:17:12'),(23,'operoo_games.sql',1,4,9633,'application/octet-stream',2,1,23,0,'2012-07-19 15:18:56'),(24,'msg0001.wav',1,3,110124,'audio/wav',1,1,24,0,'2012-07-19 15:20:07'),(25,'2012 03 Intertax.tif',1,4,22120,'image/tiff',1,1,25,0,'2012-07-19 15:25:08'),(26,'cancellation.doc',1,5,24064,'application/msword',1,1,26,0,'2012-07-19 15:51:30'),(27,'cancellation.doc',1,5,24064,'application/msword',4,1,27,0,'2012-07-19 15:51:50'),(28,'BoardingPass.pdf',1,3,239957,'application/pdf',1,1,28,0,'2012-07-19 15:54:00'),(29,'index.html',1,2,6509,'text/html',1,1,29,0,'2012-07-19 15:57:06'),(30,'vermont-monthlys.csv',1,3,30854,'application/vnd.ms-excel',4,1,30,0,'2012-07-19 16:42:17'),(31,'IMG_1595.JPG',32,6,169040,'image/jpeg',5,1,31,0,'2012-08-15 14:28:14'),(32,'DSCF4851.JPG',32,6,191025,'image/jpeg',1,1,32,0,'2012-10-15 15:51:54'),(33,'ליאור מוריס.doc',32,14,21504,'application/msword',2,1,33,0,'2012-10-15 15:53:08'),(34,'Default.rdp',32,7,2062,'application/octet-stream',1,1,34,0,'2012-08-15 14:53:31'),(35,'R & V baby2.jpg',32,7,42802,'image/jpeg',1,1,35,0,'2012-08-15 18:13:33'),(36,'clarks cloud law_thumb.png',32,5,29701,'image/png',4,1,36,0,'2012-08-15 23:09:01'),(37,'Generic UG_Acer_1.0_A_A.zip',32,6,15738569,'application/octet-stream',1,1,37,0,'2012-08-19 13:49:14'),(38,'Cyberduck-Installer-4.2.1.exe',32,7,13928312,'application/x-msdownload',1,1,38,0,'2012-08-19 13:49:18'),(39,'rc023-php_online.pdf',32,8,1162709,'application/pdf',1,1,39,0,'2012-08-19 14:12:53'),(40,'sdk-latest.zip',32,5,2254350,'application/octet-stream',3,1,40,0,'2012-08-19 14:12:55'),(41,'IG-Feinerman.doc',32,10,33280,'application/msword',1,1,41,0,'2012-08-27 21:22:37'),(42,'IG-Feinerman.doc',32,10,33280,'application/msword',2,2,41,0,'2012-08-27 21:23:06'),(43,'Bank Transfer Fax.doc',32,1,24576,'application/msword',5,1,0,0,'2012-08-27 23:50:28'),(44,'sisma.png',32,7,49549,'image/png',1,1,44,0,'2012-08-28 10:29:22'),(45,'sisma.png',32,0,49549,'image/png',1,2,44,0,'2012-08-28 10:29:54'),(46,'sisma.png',32,7,49549,'image/png',1,3,44,0,'2012-08-28 10:56:45'),(47,'sisma.png',32,7,49549,'image/png',1,4,44,0,'2012-08-28 10:59:26'),(48,'BF list.xls',32,7,69120,'application/vnd.ms-excel',1,5,44,0,'2012-08-28 11:00:48'),(49,'sisma.png',32,7,49549,'image/png',2,6,44,0,'2012-08-28 11:07:16'),(50,'Aron Kodesh Invoice 1385.pdf',32,0,243785,'application/pdf',1,1,50,0,'2012-08-28 11:11:15'),(51,'hendrix_2.jpg',32,7,1037473,'image/jpeg',1,2,35,0,'2012-08-28 11:36:17'),(52,'apps.txt',1,7,319,'text/plain',1,3,35,0,'2012-08-28 11:37:24'),(53,'AWS Voucher 1.png',32,7,442229,'image/png',1,4,35,0,'2012-08-28 11:43:47'),(55,'image.jpg',32,0,290916,'image/jpeg',4,2,50,0,'2012-08-28 11:45:18'),(56,'DSCF3660.JPG',32,10,583327,'image/jpeg',2,1,56,0,'2012-08-29 13:04:33'),(57,'image.jpg',32,0,290916,'image/jpeg',1,1,57,0,'2012-08-29 13:05:48'),(58,'CanAnybodyLogo.jpg',32,5,3684,'image/jpeg',1,1,58,0,'2012-08-29 14:57:51'),(59,'Adult_Child_Care.png',32,0,1882,'image/png',1,1,59,0,'2012-08-29 15:01:11'),(60,'Auto_Repair.png',32,8,2031,'image/png',1,2,59,0,'2012-08-29 15:01:32'),(61,'2012+03+Intertax.tif',34,15,22120,'image/tiff',1,1,61,0,'2012-09-24 12:17:01'),(62,'CanAnybodyLogo.jpg',32,5,3684,'image/jpeg',1,2,58,0,'2012-09-24 14:04:57'),(64,'2GBCTL.pdf',32,8,552189,'application/pdf',1,1,64,0,'2012-10-14 13:48:04'),(65,'DSCN3773.JPG',32,14,163352,'image/jpeg',1,1,65,0,'2012-10-21 13:45:37'),(66,'7214599.jpg',32,7,333413,'image/jpeg',1,1,66,0,'2012-10-21 13:48:42'),(67,'DSCF5161.JPG',32,5,252920,'image/jpeg',3,1,67,0,'2012-10-21 13:48:43'),(68,'Powers-Patrick-guide.stl',32,8,5612584,'application/vnd.ms-pki.stl',1,1,68,0,'2012-11-27 20:38:23'),(70,'cloud_devices.png',0,0,49693,'image/png',1,1,70,0,'2013-01-13 22:09:43'),(71,'cloudsafe.png',0,0,6179,'image/png',1,1,71,0,'2013-01-13 22:10:30'),(72,'ad_v1.jpg',32,0,72535,'image/jpeg',1,1,72,0,'2013-01-13 22:14:54'),(73,'ad_v1.jpg',32,0,72535,'image/jpeg',1,1,73,0,'2013-01-14 10:13:24'),(74,'logo_white_bg_v1.png',32,0,6598,'image/png',1,1,74,0,'2013-01-14 10:13:56'),(75,'glyphicons-halflings.png',32,0,13826,'image/png',1,1,75,0,'2013-01-14 10:13:58'),(76,'ad_v1.jpg',32,0,72535,'image/jpeg',1,1,76,0,'2013-01-14 10:14:33'),(77,'cloudlock.png',32,0,95818,'image/png',1,1,77,0,'2013-01-14 10:15:36'),(78,'cloud_devices.png',32,0,49693,'image/png',1,1,78,0,'2013-01-14 10:17:14'),(79,'ad_v2.jpg',32,0,125266,'image/jpeg',1,1,79,0,'2013-01-14 10:18:55'),(80,'ad_v4.png',32,0,46572,'image/png',1,1,80,0,'2013-01-14 10:18:56'),(81,'ad_v3.png',32,0,49175,'image/png',1,1,81,0,'2013-01-14 10:18:56'),(82,'ad_v1.jpg',32,0,72535,'image/jpeg',1,1,82,0,'2013-01-14 10:18:56'),(83,'Jellyfish.jpg',32,0,775702,'image/jpeg',1,1,83,0,'2013-01-14 15:24:19'),(84,'Hydrangeas.jpg',32,0,595284,'image/jpeg',1,1,84,0,'2013-01-14 15:24:20'),(85,'Hydrangeas.jpg',32,0,595284,'image/jpeg',1,1,85,0,'2013-01-14 17:28:34'),(86,'Desert.jpg',32,0,845941,'image/jpeg',1,1,86,0,'2013-01-14 17:28:38'),(87,'Jellyfish.jpg',32,0,775702,'image/jpeg',1,1,87,0,'2013-01-14 17:28:39'),(88,'Jellyfish.jpg',32,0,775702,'image/jpeg',1,1,88,0,'2013-01-14 17:31:28'),(89,'Desert.jpg',32,0,845941,'image/jpeg',1,1,89,0,'2013-01-14 17:33:28'),(90,'Jellyfish.jpg',32,0,775702,'image/jpeg',1,1,90,0,'2013-01-14 17:34:24'),(91,'Lighthouse.jpg',32,0,561276,'image/jpeg',1,1,91,0,'2013-01-14 17:34:42'),(92,'Koala.jpg',32,0,780831,'image/jpeg',1,1,92,0,'2013-01-14 22:57:44'),(93,'Hydrangeas.jpg',32,0,595284,'image/jpeg',1,1,93,0,'2013-01-14 22:57:46'),(94,'Desert.jpg',32,0,845941,'image/jpeg',1,1,94,0,'2013-01-14 22:57:51'),(95,'Jellyfish.jpg',32,0,775702,'image/jpeg',1,1,95,0,'2013-01-14 22:57:52'),(96,'Lighthouse.jpg',32,0,561276,'image/jpeg',1,1,96,0,'2013-01-14 22:57:52'),(97,'Auto_Repair.png',32,0,2031,'image/png',1,1,97,0,'2013-01-14 23:05:08'),(98,'CanAnybodyLogo.jpg',32,0,3684,'image/jpeg',1,1,98,0,'2013-01-14 23:05:35'),(99,'Capture.JPG',32,0,38186,'image/jpeg',1,1,99,0,'2013-01-14 23:06:13'),(100,'files.zip',32,0,1144560,'',1,1,100,0,'2013-01-14 23:07:57'),(101,'STLRead.zip',32,0,1674541,'',1,1,101,0,'2013-01-14 23:10:15'),(102,'wordpress-3.4.1.zip',32,0,4919784,'',1,1,102,0,'2013-01-14 23:12:01'),(103,'recaptcha-php-1.11.zip',32,0,6037,'',1,1,103,0,'2013-01-14 23:14:50'),(104,'Hydrangeas.jpg',32,0,595284,'image/jpeg',1,1,104,0,'2013-01-15 09:44:26'),(105,'Desert.jpg',32,0,845941,'image/jpeg',1,1,105,0,'2013-01-15 09:44:26'),(106,'Hydrangeas.jpg',32,0,595284,'image/jpeg',1,1,106,0,'2013-01-15 09:44:27'),(107,'Hydrangeas.jpg',32,0,595284,'image/jpeg',1,1,107,0,'2013-01-15 09:44:30'),(108,'Desert.jpg',32,0,845941,'image/jpeg',1,1,108,0,'2013-01-15 09:44:33'),(109,'Desert.jpg',32,0,845941,'image/jpeg',1,1,109,0,'2013-01-15 09:44:35'),(110,'Hydrangeas.jpg',32,0,595284,'image/jpeg',1,1,110,0,'2013-01-15 09:45:21'),(111,'Desert.jpg',32,0,845941,'image/jpeg',1,1,111,0,'2013-01-15 09:45:25'),(112,'Jellyfish.jpg',32,0,775702,'image/jpeg',1,1,112,0,'2013-01-16 09:32:14'),(113,'Hydrangeas.jpg',32,0,595284,'image/jpeg',1,1,113,0,'2013-01-16 09:32:16'),(114,'Chrysanthemum.jpg',32,0,879394,'image/jpeg',1,1,114,0,'2013-01-16 09:34:12'),(115,'Hydrangeas.jpg',32,0,595284,'image/jpeg',1,1,115,0,'2013-01-16 09:34:18'),(116,'Jellyfish.jpg',32,0,775702,'image/jpeg',1,1,116,0,'2013-01-16 09:34:19'),(117,'Desert.jpg',32,0,845941,'image/jpeg',1,1,117,0,'2013-01-16 09:34:23'),(118,'0',32,0,0,'0',1,1,118,0,'2013-01-20 16:00:31'),(119,'0',32,0,0,'0',1,1,119,0,'2013-01-20 16:00:31'),(120,'0',32,0,0,'0',1,1,120,0,'2013-01-20 16:00:38'),(121,'0',32,0,0,'0',1,1,121,0,'2013-01-20 16:00:38'),(122,'Hydrangeas.jpg',32,0,595284,'image/jpeg',1,1,122,0,'2013-01-20 16:02:47'),(123,'Desert.jpg',32,0,845941,'image/jpeg',1,1,123,0,'2013-01-20 16:02:56'),(124,'Lighthouse.jpg',32,0,561276,'image/jpeg',1,1,124,0,'2013-01-20 16:03:30'),(125,'Hydrangeas.jpg',32,0,595284,'image/jpeg',1,1,125,0,'2013-01-20 16:03:31'),(126,'Desert.jpg',32,0,845941,'image/jpeg',1,1,126,0,'2013-01-20 16:03:37'),(127,'Koala.jpg',32,0,780831,'image/jpeg',1,1,127,0,'2013-01-20 16:03:49'),(128,'Koala.jpg',32,0,780831,'image/jpeg',1,1,128,0,'2013-01-20 16:11:32'),(129,'Jellyfish.jpg',32,0,775702,'image/jpeg',1,1,129,0,'2013-01-20 16:11:34'),(130,'Tulips.jpg',32,0,620888,'image/jpeg',1,1,130,0,'2013-01-20 18:54:16'),(131,'FullSize.jpg',32,0,4509322,'image/jpeg',1,1,131,0,'2013-01-20 21:26:06'),(132,'FullSize2.jpg',32,0,3755091,'image/jpeg',1,1,132,0,'2013-01-20 21:26:24'),(133,'FullSize3.jpg',32,0,4192727,'image/jpeg',1,1,133,0,'2013-01-20 21:26:57'),(134,'Collages.jpg',32,0,4163466,'image/jpeg',1,1,134,0,'2013-01-20 21:27:07'),(135,'temp.jpg',32,0,2529785,'image/jpeg',1,1,135,0,'2013-01-20 21:29:06'),(136,'Collages.jpg',32,0,4163466,'image/jpeg',1,1,136,0,'2013-01-20 21:30:08'),(137,'FullSize1.jpg',32,0,4461655,'image/jpeg',1,1,137,0,'2013-01-20 21:30:19'),(138,'FullSize2.jpg',32,0,3755091,'image/jpeg',1,1,138,0,'2013-01-20 21:30:27'),(139,'FullSize3.jpg',32,0,4192727,'image/jpeg',1,1,139,0,'2013-01-20 21:30:31'),(140,'FullSize.jpg',32,0,4509322,'image/jpeg',1,1,140,0,'2013-01-20 21:30:33'),(141,'Recently_Updated.jpg',32,0,2331269,'image/jpeg',1,1,141,0,'2013-01-20 21:57:01'),(142,'Keren\'s_Gan_Party_-_1_June_2012.jpg',32,0,2203650,'image/jpeg',1,1,142,0,'2013-01-20 21:57:20'),(143,'FullSize1.jpg',32,0,4461655,'image/jpeg',1,1,143,0,'2013-01-20 21:58:23'),(144,'FullSize.jpg',32,0,4509322,'image/jpeg',1,1,144,0,'2013-01-20 21:59:02'),(145,'Fullscreen_capture_28092011_175345.bmp',32,0,5292054,'image/bmp',1,1,145,0,'2013-01-20 21:59:59'),(146,'AVPageView_04032012_105525.bmp',32,0,4657974,'image/bmp',1,1,146,0,'2013-01-20 22:00:30'),(147,'AVPageView_04032012_105712.bmp',32,0,4657974,'image/bmp',1,1,147,0,'2013-01-20 22:00:38'),(148,'Bitvise_Tunnelier_-_SSH2_Client_15112011_230954.bmp',32,0,1469054,'image/bmp',1,1,148,0,'2013-01-20 22:01:40'),(149,'Fullscreen_capture_01032012_171837.bmp',32,0,20454,'image/bmp',1,1,149,0,'2013-01-20 22:02:12'),(150,'Dental_CT_Scanner_Map_-_Google_Chrome_29052012_004256.bmp',32,0,6251094,'image/bmp',1,1,150,0,'2013-01-20 22:03:11'),(151,'Koala.jpg',32,0,780831,'image/jpeg',1,1,151,0,'2013-01-20 22:34:25'),(152,'Dinner_Party_&_Celebration_with_the_IAF_Commander_Maj._Gen._Ido_Nehushtan.JPG',32,0,3144041,'image/jpeg',1,1,152,0,'2013-01-20 22:35:53'),(153,'TicketOrder111992821.pdf',32,0,504743,'application/pdf',1,1,153,0,'2013-01-20 22:36:30'),(154,'2012_03_Intertax_(1).tif',32,0,22120,'image/tiff',1,1,154,0,'2013-01-20 22:36:56'),(155,'35255_(1).zip',32,0,2477051,'',1,1,155,0,'2013-01-20 22:37:34'),(156,'7214599.png',32,0,90249,'image/png',1,1,156,0,'2013-01-20 22:51:57'),(157,'R_&_V_baby2.jpg',32,0,42802,'image/jpeg',1,1,157,0,'2013-01-20 23:46:47'),(158,'R&V_baby.jpg',32,0,40931,'image/jpeg',1,1,158,0,'2013-01-20 23:47:15'),(159,'Helen_bump.jpg',32,0,68640,'image/jpeg',1,1,159,0,'2013-01-21 00:10:25'),(160,'R_&_V_baby2.jpg',32,0,42802,'image/jpeg',1,1,160,0,'2013-01-21 00:10:47'),(161,'simplex-thumbnail-100x60.png',32,0,4972,'image/png',1,1,161,0,'2013-01-21 00:11:44'),(162,'Keren\'s_Gan_Birthday_Party.jpg',32,0,4352207,'image/jpeg',1,1,162,0,'2013-01-21 00:15:10'),(163,'R_&_V_baby2.jpg',32,0,42802,'image/jpeg',1,1,163,0,'2013-01-21 00:16:15'),(164,'IMG_5465.JPG',32,0,5375847,'image/jpeg',1,1,164,0,'2013-01-21 09:36:28'),(165,'Desert.jpg',32,0,845941,'image/jpeg',1,1,165,0,'2013-01-21 09:37:08'),(166,'Keren\'s_Gan_Party_-_1_June_2012.jpg',32,0,2203650,'image/jpeg',1,1,166,0,'2013-01-21 09:38:06'),(167,'R_&_V_baby2.jpg',32,0,42802,'image/jpeg',1,1,167,0,'2013-01-21 09:38:46'),(168,'hendrix\'s_2.jpg',32,0,1037473,'image/jpeg',1,1,168,0,'2013-01-21 09:40:25'),(169,'hendrix\'s_&_2.jpg',32,0,1037473,'image/jpeg',1,1,169,0,'2013-01-21 09:40:58'),(170,'hendrix\'s_&_3.jpg',32,0,1037473,'image/jpeg',1,1,170,0,'2013-01-21 09:42:48'),(171,'hendrix\'s_&_3.jpg',32,0,1037473,'image/jpeg',1,1,171,0,'2013-01-21 09:43:29'),(172,'hendrix\'s_&_4.jpg',32,0,1037473,'image/jpeg',1,1,172,0,'2013-01-21 09:49:40'),(173,'Annual_Hanukah_Party_for_Bereaved_families_2.JPG',32,0,173429,'image/jpeg',1,1,173,0,'2013-01-21 09:58:26'),(174,'Lighting_the_Hanukah_Candles_with_the_IAF_Orphans.JPG',32,0,199183,'image/jpeg',1,1,174,0,'2013-01-21 10:01:36'),(175,'Manchester_FebMar_2010.jpg',32,0,3686575,'image/jpeg',1,1,175,0,'2013-01-21 10:13:23'),(176,'Keren\'s_Gan_Birthday_Party.jpg',32,0,4352207,'image/jpeg',1,1,176,0,'2013-01-21 11:37:11'),(177,'Helen_bump.jpg',32,0,68640,'image/jpeg',1,1,177,0,'2013-01-21 12:44:30'),(178,'DSCF1181.JPG',32,0,1353671,'image/jpeg',1,1,178,0,'2013-01-21 12:46:02'),(179,'DSCF1184.JPG',32,0,1470959,'image/jpeg',1,1,179,0,'2013-01-21 12:46:31'),(180,'DSCF1176.JPG',32,0,1395703,'image/jpeg',1,1,180,0,'2013-01-21 12:46:32'),(181,'DSCF1186.JPG',32,0,1412432,'image/jpeg',1,1,181,0,'2013-01-21 12:46:41'),(182,'DSCF1178.JPG',32,0,1398813,'image/jpeg',1,1,182,0,'2013-01-21 12:48:15'),(183,'DSCF1177.JPG',32,0,1383635,'image/jpeg',1,1,183,0,'2013-01-21 12:48:16'),(184,'DSCF1182.JPG',32,0,1399986,'image/jpeg',1,1,184,0,'2013-01-21 12:48:25'),(185,'DSCF1176.JPG',32,0,1395703,'image/jpeg',1,1,185,0,'2013-01-21 12:48:25'),(186,'DSCF1180.JPG',32,0,1426452,'image/jpeg',1,1,186,0,'2013-01-21 12:48:31'),(187,'DSCF1181.JPG',32,0,1353671,'image/jpeg',1,1,187,0,'2013-01-21 12:48:52'),(188,'DSCF1184.JPG',32,0,1470959,'image/jpeg',1,1,188,0,'2013-01-21 12:49:28'),(189,'DSCF1183.JPG',32,0,1386522,'image/jpeg',1,1,189,0,'2013-01-21 12:49:31'),(190,'DSCF1186.JPG',32,0,1412432,'image/jpeg',1,1,190,0,'2013-01-21 12:49:34'),(191,'DSCF1187.JPG',32,0,1374779,'image/jpeg',1,1,191,0,'2013-01-21 12:49:46'),(192,'DSCF1188.JPG',32,0,1451204,'image/jpeg',1,1,192,0,'2013-01-21 12:49:51'),(193,'DSCF1189.JPG',32,0,1458870,'image/jpeg',1,1,193,0,'2013-01-21 12:49:57'),(194,'DSCF1174.JPG',32,0,1403842,'image/jpeg',1,1,194,0,'2013-01-21 12:50:26'),(195,'DSCF1192.JPG',32,0,1462952,'image/jpeg',1,1,195,0,'2013-01-21 12:50:45'),(196,'DSCF1190.JPG',32,0,1442629,'image/jpeg',1,1,196,0,'2013-01-21 12:50:51'),(197,'DSCF1175.JPG',32,0,1401748,'image/jpeg',1,1,197,0,'2013-01-21 12:50:56'),(198,'Collages.jpg',32,0,4163466,'image/jpeg',1,1,198,0,'2013-01-21 12:51:59'),(199,'Helen_bump.jpg',32,0,68640,'image/jpeg',1,1,199,0,'2013-01-21 15:20:27'),(200,'FullSize3.jpg',32,0,4192727,'image/jpeg',1,1,200,0,'2013-01-21 15:21:36'),(201,'IMG_5896.JPG',32,0,4435048,'image/jpeg',1,1,201,0,'2013-01-21 15:33:24'),(202,'Jellyfish.jpg',32,0,775702,'image/jpeg',1,1,202,0,'2013-01-23 00:37:38'),(203,'Jellyfish.jpg',32,0,775702,'image/jpeg',1,1,203,0,'2013-01-23 00:39:05'),(204,'Desert.jpg',32,0,845941,'image/jpeg',1,1,204,0,'2013-01-23 18:10:50'),(205,'Jellyfish.jpg',32,0,775702,'image/jpeg',1,1,205,0,'2013-01-23 18:12:08'),(206,'Hydrangeas.jpg',32,0,595284,'image/jpeg',1,1,206,0,'2013-01-23 18:12:11'),(207,'Tulips.jpg',32,0,620888,'image/jpeg',1,1,207,0,'2013-01-23 18:12:37'),(208,'Penguins.jpg',32,0,777835,'image/jpeg',1,1,208,0,'2013-01-23 18:12:43'),(209,'Hydrangeas.jpg',32,0,595284,'image/jpeg',1,1,209,0,'2013-01-23 18:13:21'),(210,'Lighthouse.jpg',32,0,561276,'image/jpeg',1,1,210,0,'2013-01-23 18:13:33'),(211,'Jellyfish.jpg',32,0,775702,'image/jpeg',1,1,211,0,'2013-01-23 18:13:40'),(212,'Desert.jpg',32,0,845941,'image/jpeg',1,1,212,0,'2013-01-23 18:13:42'),(213,'Penguins.jpg',32,0,777835,'image/jpeg',1,1,213,0,'2013-01-23 18:13:45'),(214,'Koala.jpg',32,0,780831,'image/jpeg',1,1,214,0,'2013-01-23 18:13:47'),(215,'Tulips.jpg',32,0,620888,'image/jpeg',1,1,215,0,'2013-01-23 18:13:54'),(216,'Chrysanthemum.jpg',32,0,879394,'image/jpeg',1,1,216,0,'2013-01-23 18:13:55'),(217,'Jellyfish.jpg',32,0,775702,'image/jpeg',1,1,217,0,'2013-01-23 18:57:20'),(218,'Desert.jpg',32,0,845941,'image/jpeg',1,1,218,0,'2013-01-23 18:58:48'),(219,'Desert.jpg',32,0,845941,'image/jpeg',1,1,219,0,'2013-01-23 19:03:29'),(220,'Jellyfish.jpg',32,0,775702,'image/jpeg',1,1,220,0,'2013-01-23 19:06:59'),(221,'June_2012.jpg',32,0,1211740,'image/jpeg',1,1,221,0,'2013-01-23 19:25:39'),(222,'Fullscreen_capture_01032012_171837.bmp',32,0,20454,'image/bmp',1,1,222,0,'2013-01-23 22:15:07'),(223,'Tab1_15112011_230920.bmp',32,0,548406,'image/bmp',1,1,223,0,'2013-01-23 22:16:23'),(224,'Transcribing_Services_-_eScribers_-_Google_Chrome_22082012_120501.bmp',32,0,3185566,'image/bmp',1,1,224,0,'2013-01-23 22:16:23'),(225,'Thank_you_from_the_Children_at_the_IAF_Widows_and_Orphans_Spring_Retreat.JPG',32,0,217225,'image/jpeg',1,1,225,0,'2013-01-23 22:29:00'),(226,'panorama1.jpg',32,0,65172,'image/jpeg',1,1,226,0,'2013-01-23 22:29:19'),(227,'Lighting_the_Hanukah_Candles_with_the_IAF_Orphans.JPG',32,0,199183,'image/jpeg',1,1,227,0,'2013-01-23 22:30:09'),(228,'Annual_Hanukah_Party_for_Bereaved_Families.JPG',32,0,167569,'image/jpeg',1,1,228,0,'2013-01-23 22:33:29'),(229,'Annual Hanukah Party for Bereaved families 2.JPG',32,6,173429,'image/jpeg',1,2,228,0,'2013-01-23 22:34:33'),(230,'mini_cooper_s_convertible_2007.jpg',32,18,14635,'image/jpeg',1,1,230,0,'2013-01-23 22:37:05'),(231,'banner1.jpg',32,0,312339,'image/jpeg',1,1,231,0,'2013-01-23 23:45:57'),(232,'Capture.JPG',32,16,38186,'image/jpeg',1,1,232,0,'2013-01-23 23:46:54'),(233,'Camila_HQWorld_(10).jpg',32,0,1111190,'image/jpeg',1,1,233,0,'2013-01-24 09:22:17'),(234,'תמונה_1.JPG',32,16,978070,'image/jpeg',1,1,234,0,'2013-01-24 09:22:42'),(235,'DSCF5161.JPG',32,0,252920,'image/jpeg',1,1,235,0,'2013-01-24 09:23:41'),(236,'Pelech.pdf',32,18,5909,'application/pdf',1,1,236,0,'2013-01-24 09:25:48'),(237,'IMG_6165.JPG',32,0,8010519,'image/jpeg',1,1,237,0,'2013-01-24 09:25:55'),(238,'IMG_5036.JPG',32,0,345649,'image/jpeg',1,1,238,0,'2013-01-24 09:46:51'),(239,'IMG_5034.JPG',32,0,378015,'image/jpeg',1,1,239,0,'2013-01-24 09:47:43'),(240,'IMG_5063.JPG',32,0,400539,'image/jpeg',1,1,240,0,'2013-01-24 09:48:19'),(241,'IMG_5061.JPG',32,0,384738,'image/jpeg',1,1,241,0,'2013-01-24 09:48:21'),(242,'IMG_5074.JPG',32,0,511248,'image/jpeg',1,1,242,0,'2013-01-24 09:48:25'),(243,'IMG_5038.JPG',32,0,291148,'image/jpeg',1,1,243,0,'2013-01-24 09:59:00'),(244,'AboutManchester_BigWheel_Shopping_Centre.jpg',32,17,60243,'image/jpeg',1,1,244,0,'2013-01-24 10:03:49'),(245,'Tulips.jpg',32,17,620888,'image/jpeg',1,1,245,0,'2013-01-24 13:36:17'),(246,'2_20_2003_3_26_PM_0001.jpg',32,17,86058,'image/jpeg',1,1,246,0,'2013-01-24 13:37:00'),(247,'2_24_2003_10_06_AM_0001.jpg',32,16,22297,'image/jpeg',1,1,247,0,'2013-01-24 15:39:45'),(248,'P1010001.JPG',32,0,398748,'image/jpeg',1,1,248,0,'2013-01-24 15:40:37'),(249,'DSCN3559.JPG',32,0,840423,'image/jpeg',1,1,249,0,'2013-01-24 15:40:52'),(250,'DSCN2254.JPG',32,0,1316207,'image/jpeg',1,1,250,0,'2013-01-24 15:41:40'),(251,'IMG_7900.JPG',32,16,6138406,'image/jpeg',1,1,251,0,'2013-01-25 13:32:19'),(253,'4.jpg',32,14,24552,'image/jpeg',1,1,253,0,'2013-01-29 11:39:11'),(254,'6a00d8341c858253ef00e54f6086488834-640wi.jpg',32,6,209129,'image/jpeg',4,1,254,0,'2013-01-29 11:50:49'),(255,'6a00d8341c858253ef00e54f6086488834-640wi.jpg',32,0,209129,'image/jpeg',1,1,255,0,'2013-01-29 14:51:41'),(256,'14984632-web-development-blurred-tag-cloud-on-white-background.jpg',32,0,19103,'image/jpeg',1,1,256,0,'2013-01-29 14:52:48'),(257,'image_(1).jpg',32,0,290916,'image/jpeg',1,1,257,0,'2013-01-29 14:56:26'),(258,'6a00d8341c858253ef00e54f6086488834-640wi.jpg',32,0,209129,'image/jpeg',1,1,258,0,'2013-01-29 14:58:04'),(259,'6a00d8341c858253ef00e54f6086488834-640wi.jpg',32,0,209129,'image/jpeg',1,1,259,0,'2013-01-29 14:59:53'),(260,'4.jpg',32,0,24552,'image/jpeg',1,1,260,0,'2013-01-29 15:02:38'),(261,'4.jpg',32,0,24552,'image/jpeg',1,1,261,0,'2013-01-29 15:03:34'),(262,'4.jpg',32,0,24552,'image/jpeg',1,1,262,0,'2013-01-29 15:07:24'),(263,'6a00d8341c858253ef00e54f6086488834-640wi.jpg',32,0,209129,'image/jpeg',1,1,263,0,'2013-01-29 15:09:53'),(264,'2GWX25.pdf',32,0,307901,'application/pdf',1,1,264,0,'2013-01-29 15:11:25'),(265,'4.jpg',32,0,24552,'image/jpeg',1,1,265,0,'2013-01-29 23:59:54'),(266,'6a00d8341c858253ef00e54f6086488834-640wi.jpg',32,0,209129,'image/jpeg',1,1,266,0,'2013-01-29 23:59:55'),(267,'512c5cad6c37edb98ae91c8a76c3a291.zip',32,0,4409,'',1,1,267,0,'2013-01-30 00:00:08'),(268,'310a78d2-fe01-417f-a20d-eb019458e7ef.Medium.png',32,0,26523,'image/png',1,1,268,0,'2013-01-30 00:00:23'),(269,'2012_Membership_Form_Final_English.pdf',32,0,258037,'application/pdf',1,1,269,0,'2013-01-30 00:00:27'),(270,'[Free-scores.com]_joplin-scott-maple-leaf-rag-8101.pdf',32,0,81690,'application/pdf',3,1,270,0,'2013-01-30 00:00:40'),(271,'01_MS_1727_v1.0_English.zip',32,0,3380346,'',1,1,271,0,'2013-01-30 00:32:01'),(272,'downloader.dev',1,0,111,'',1,1,272,0,'2013-01-30 15:43:59'),(273,'1Untitled_-_Copy.jpg',1,0,49723,'image/jpeg',1,1,273,0,'2013-02-02 20:35:19'),(274,'4.jpg',1,0,24552,'image/jpeg',1,1,274,0,'2013-02-03 15:32:49'),(275,'1Untitled_-_Copy.jpg',1,0,49723,'image/jpeg',1,1,275,0,'2013-02-03 15:38:36'),(276,'1Untitled.jpg',32,0,49723,'image/jpeg',1,1,276,0,'2013-02-04 15:26:27'),(277,'1Untitled.jpg',32,0,49723,'image/jpeg',1,1,277,0,'2013-02-04 15:30:17'),(278,'5Untitled.jpg',32,0,54325,'image/jpeg',1,1,278,0,'2013-02-10 16:53:08'),(279,'routlette1.png',32,0,16823,'image/png',1,1,279,0,'2013-02-12 18:24:11'),(280,'Myrna.doc',32,0,25088,'application/msword',1,1,280,0,'2013-02-17 12:08:12'),(281,'7214599.png',32,0,90249,'image/png',1,1,281,0,'2013-02-17 12:10:00'),(282,'7214599.png',32,0,90249,'image/png',1,1,282,0,'2013-02-17 12:16:09'),(283,'1Untitled_-_Copy.jpg',32,0,49723,'image/jpeg',1,1,283,0,'2013-02-17 12:17:33'),(284,'4-5.jpg',32,0,24552,'image/jpeg',1,1,284,0,'2013-02-17 12:24:51'),(285,'13Untitled.jpg',32,0,50056,'image/jpeg',1,1,285,0,'2013-02-17 12:25:14'),(286,'12Untitled.jpg',32,0,70314,'image/jpeg',1,1,286,0,'2013-02-17 12:25:15'),(287,'DSCF5161.JPG',32,0,252920,'image/jpeg',1,1,287,0,'2013-02-17 16:42:05'),(288,'1Untitled.jpg',32,0,49723,'image/jpeg',1,1,288,0,'2013-02-21 13:40:43'),(289,'2Untitled.jpg',32,0,50635,'image/jpeg',1,1,289,0,'2013-02-22 00:11:41'),(290,'11Untitled.jpg',32,0,84094,'image/jpeg',1,1,290,0,'2013-02-22 00:13:03'),(291,'12Untitled.jpg',32,0,70314,'image/jpeg',1,1,291,0,'2013-02-22 00:17:07'),(292,'100-dollar-tie.jpg',32,0,88017,'image/jpeg',1,1,292,0,'2013-02-23 21:37:53'),(293,'2GWX25.pdf',32,0,307901,'application/pdf',1,1,293,0,'2013-02-23 21:42:20'),(294,'2012+03+Intertax (6).tif',32,0,22120,'image/tiff',1,1,294,0,'2013-02-23 21:47:07'),(295,'100-dollar-tie-2.png',32,0,31875,'image/png',1,1,295,0,'2013-03-14 23:56:14'),(296,'pu_drive.gif',32,0,15857,'image/gif',1,1,296,0,'2013-03-14 23:57:22'),(297,'12Untitled.jpg',32,0,70314,'image/jpeg',1,1,297,0,'2013-03-15 00:02:21'),(298,'PokerNight8.jpg',32,0,121491,'image/jpeg',1,1,298,0,'2013-03-15 00:07:41'),(299,'3.png',32,0,22874,'image/png',4,1,299,0,'2013-03-28 17:27:47'),(300,'1Untitled.jpg',37,0,49723,'image/jpeg',1,1,300,0,'2013-04-30 13:35:32'),(301,'6Untitled.jpg',38,0,74405,'image/jpeg',1,1,301,0,'2013-04-30 13:38:09'),(302,'F3C1.dcr',1,0,39772,'application/octet-stream',1,1,302,0,'2013-05-07 09:12:24'),(303,'lam+nobel.bsb',32,0,49723,'application/octet-stream',1,1,303,0,'2013-06-18 14:35:15'),(304,'lam+STL.stl',32,0,49723,'application/vnd.ms-pki.stl',1,1,304,0,'2013-06-18 14:38:32'),(305,'lam+nobel.bsb',32,0,49723,'application/octet-stream',1,1,305,0,'2013-06-18 14:39:00'),(306,'lam+STL.stl',32,0,49723,'application/vnd.ms-pki.stl',1,1,306,0,'2013-06-18 14:40:11'),(307,'lam+nobel.bsb',32,0,49723,'application/octet-stream',3,1,307,0,'2013-06-18 14:43:00'),(308,'lam+STL.stl',32,0,49723,'application/vnd.ms-pki.stl',1,1,308,0,'2013-06-18 14:45:49'),(309,'5+5.png',32,0,6012,'image/png',1,1,309,0,'2013-06-18 15:16:31'),(310,'5 5.png',32,0,6012,'image/png',1,1,310,0,'2013-06-18 15:22:58'),(311,'lam+nobel.bsb',32,0,49723,'application/octet-stream',1,1,311,0,'2013-06-18 15:23:41'),(312,'soda-burger.png',32,0,133703,'image/png',1,1,312,0,'2014-08-23 22:32:42'),(313,'IMG_8345s.jpg',1,0,69492,'image/jpeg',1,1,313,0,'2014-10-29 12:19:42'),(314,'tee.PNG',32,0,188317,'image/png',1,1,314,0,'2014-11-10 12:30:20'),(315,'215441.pdf',32,0,8528,'application/pdf',1,1,315,0,'2014-11-10 14:25:34'),(316,'Sky, Blue_FullScan.zip',36,0,31373696,'application/x-zip-compressed',1,1,316,0,'2014-11-10 14:29:23'),(317,'jaminson.stl',36,0,18602227,'application/octet-stream',1,1,317,0,'2014-11-10 14:30:10'),(318,'004.jpg',40,0,1393086,'image/jpeg',1,1,318,0,'2014-11-16 21:48:17'),(319,'outlook-us.pdf',32,0,637270,'application/pdf',1,1,319,0,'2014-11-17 21:29:39'),(320,'Application crash reporting.doc',45,0,501760,'application/msword',1,1,320,0,'2014-11-18 11:15:03'),(321,'Sky, Blue (3).dcm',45,0,118630,'application/octet-stream',1,1,321,0,'2014-11-18 11:16:15'),(322,'features_acc.xls',45,0,25600,'application/vnd.ms-excel',1,1,322,0,'2014-11-18 11:16:46'),(323,'test.bsb',45,0,16878815,'application/octet-stream',1,1,323,0,'2014-11-18 11:17:23'),(324,'Guidefabcomments122213.doc',45,0,625152,'application/msword',1,1,324,0,'2014-11-18 11:20:06'),(325,'Yishai.png',44,0,105179,'image/png',1,1,325,0,'2014-11-18 14:00:41'),(326,'kids around baby4-bigger.jpg',43,0,134395,'image/jpeg',1,1,326,0,'2014-11-18 14:03:47'),(327,'kids around baby4.jpg',43,0,18662,'image/jpeg',1,1,327,0,'2014-11-18 14:03:56'),(328,'kids around baby4-bigger.jpg',43,0,134395,'image/jpeg',1,1,328,0,'2014-11-18 14:04:38'),(329,'biobigboxlogo.png',32,0,5411,'image/png',1,1,329,0,'2014-11-19 23:54:47'),(330,'hamburger-menu.jpg',32,0,5059,'image/jpeg',1,1,330,0,'2014-11-19 23:54:51'),(331,'2013-06-25 23.15.43.jpg',48,0,1926011,'image/jpeg',1,1,331,0,'2014-11-30 08:19:20'),(332,'2013-06-24 21.25.01.jpg',48,0,2113223,'image/jpeg',1,1,332,0,'2014-11-30 08:19:21'),(333,'2013-06-24 21.23.08.jpg',48,0,2419887,'image/jpeg',1,1,333,0,'2014-11-30 08:19:22'),(334,'2013-06-25 00.06.02.jpg',48,0,1583200,'image/jpeg',1,1,334,0,'2014-11-30 08:19:25'),(335,'2013-06-24 21.25.48.jpg',48,0,1754808,'image/jpeg',1,1,335,0,'2014-11-30 08:19:27'),(336,'2013-06-24 21.26.05.jpg',48,0,2360675,'image/jpeg',1,1,336,0,'2014-11-30 08:19:27'),(337,'emailimage1.jpg',47,0,157482,'image/jpeg',1,1,337,1,'2014-11-30 08:32:28'),(338,'webimage2.jpg',47,0,224028,'image/jpeg',1,1,338,1,'2014-11-30 08:32:28'),(339,'webimage1.jpg',47,0,1609024,'image/jpeg',1,1,339,1,'2014-11-30 08:32:31'),(340,'webimage2.jpg.jpg',47,0,620828,'image/jpeg',1,1,340,0,'2014-11-30 17:44:46'),(341,'webimage2.jpg.jpg',47,0,620828,'image/jpeg',1,1,341,0,'2014-11-30 17:45:41'),(342,'webimage1.png.jpg',47,0,620828,'image/jpeg',1,1,342,0,'2014-11-30 17:48:26'),(343,'webimage1.png.jpg',45,0,620828,'image/jpeg',1,1,343,0,'2014-11-30 17:54:26'),(344,'webimage1.png.jpg',45,0,620828,'image/jpeg',1,1,344,0,'2014-11-30 17:57:07'),(345,'bsp05_panoramic_view.jpg',45,0,201105,'image/jpeg',1,1,345,0,'2014-11-30 18:13:34'),(346,'1bsp.jpg',45,19,201105,'image/jpeg',3,1,346,0,'2014-11-30 18:30:11'),(347,'02742_03.jpg',40,0,4566987,'image/jpeg',1,1,347,1,'2014-12-01 15:06:58'),(348,'izzi.jpg',51,0,5386106,'image/jpeg',1,1,348,0,'2014-12-01 15:26:15'),(349,'capture1.jpg',51,0,39198,'image/jpeg',1,1,349,0,'2014-12-01 15:26:20'),(350,'intel capital.jpg',48,0,4509,'image/jpeg',1,1,350,1,'2014-12-01 15:27:08'),(351,'SU KUO JU.bsb',45,0,34205047,'application/octet-stream',1,1,351,1,'2014-12-01 15:30:52'),(352,'kidsmontage.jpg',51,0,2397395,'image/jpeg',1,1,352,0,'2014-12-01 15:31:03'),(353,'capture1.jpg',51,0,39198,'image/jpeg',1,1,353,0,'2014-12-01 15:31:07'),(354,'kidsmontage.jpg',51,0,2397395,'image/jpeg',1,1,354,0,'2014-12-01 15:31:15'),(355,'jvp_logo.jpg',48,0,6474,'image/jpeg',1,1,355,1,'2014-12-01 15:31:28'),(356,'pizzaidf.zip',48,0,7895801,'application/x-zip-compressed',1,1,356,1,'2014-12-01 15:33:45'),(357,'Nadia and Marcel\'s 50th anniversary party (70).JPG',51,0,8332633,'image/jpeg',1,1,357,0,'2014-12-01 15:34:08'),(358,'capture1.jpg',48,0,39198,'image/jpeg',1,1,358,1,'2014-12-01 15:34:12'),(359,'capture1.jpg',51,0,39198,'image/jpeg',1,1,359,0,'2014-12-01 15:34:40'),(360,'capture1.jpg',48,0,39198,'image/jpeg',1,1,360,1,'2014-12-01 15:34:46'),(361,'capture1.jpg',48,0,39198,'image/jpeg',1,1,361,1,'2014-12-01 15:35:02'),(362,'webimage1.png.jpg',45,0,620828,'image/jpeg',1,1,362,1,'2014-12-01 15:35:21'),(363,'SharePoint - OnlineTemplate - Run the Wizard.jpg',48,0,102899,'image/jpeg',1,1,363,1,'2014-12-01 15:35:29'),(364,'1bsp.jpg',45,0,201105,'image/jpeg',3,1,364,1,'2014-12-01 15:35:30'),(365,'capture1.jpg',51,0,39198,'image/jpeg',1,1,365,0,'2014-12-01 15:35:58'),(366,'Let us know why....jpg',48,0,61665,'image/jpeg',1,1,366,1,'2014-12-01 15:36:13'),(367,'MS Word 2013 Account screenshot.jpg',48,0,117045,'image/jpeg',1,1,367,1,'2014-12-01 15:36:13'),(368,'Office365 Sync.jpg',48,0,102879,'image/jpeg',1,1,368,1,'2014-12-01 15:36:14'),(369,'Me.png',40,0,136612,'image/png',1,1,369,1,'2014-12-01 15:36:44'),(370,'capture1.jpg',51,0,39198,'image/jpeg',1,1,370,0,'2014-12-01 15:37:25'),(371,'birkat baiyt.jpg',51,0,123000,'image/jpeg',1,1,371,0,'2014-12-01 15:37:43'),(372,'capture1.jpg',51,0,39198,'image/jpeg',1,1,372,0,'2014-12-01 15:37:55'),(373,'Nadia and Marcel\'s 50th anniversary party (70).JPG',51,0,8332633,'image/jpeg',1,1,373,0,'2014-12-01 15:38:09'),(374,'Hydrangeas.jpg',40,0,595284,'image/jpeg',1,1,374,1,'2014-12-01 15:39:04'),(375,'Penguins.jpg',40,0,777835,'image/jpeg',1,1,375,1,'2014-12-01 15:39:08'),(376,'Tulips.jpg',40,0,620888,'image/jpeg',1,1,376,1,'2014-12-01 15:39:09'),(377,'Lighthouse.jpg',40,0,561276,'image/jpeg',1,1,377,1,'2014-12-01 15:39:35'),(378,'Koala.jpg',40,0,780831,'image/jpeg',1,1,378,1,'2014-12-01 15:39:38'),(379,'Chrysanthemum.jpg',40,0,879394,'image/jpeg',4,1,379,1,'2014-12-01 15:39:45'),(380,'Lighthouse.jpg',40,0,561276,'image/jpeg',1,1,380,0,'2014-12-01 15:41:10'),(381,'Tulips.jpg',40,0,620888,'image/jpeg',1,1,381,0,'2014-12-01 15:41:27'),(382,'004.jpg',40,0,1393086,'image/jpeg',1,1,382,1,'2014-12-01 15:42:22'),(383,'003.jpg',40,0,1115673,'image/jpeg',1,1,383,1,'2014-12-01 15:42:24'),(384,'001.jpg',40,20,1120548,'image/jpeg',1,1,384,1,'2014-12-01 15:42:25'),(385,'002.jpg',40,0,1380287,'image/jpeg',1,1,385,1,'2014-12-01 15:42:26'),(386,'Me.png',40,0,136612,'image/png',1,1,386,0,'2014-12-01 16:17:15'),(387,'Me.png',40,0,136612,'image/png',1,1,387,1,'2014-12-03 19:25:46'),(388,'Impson Jeanetta.bsb',45,0,70013299,'application/octet-stream',1,1,388,1,'2014-12-04 10:42:41'),(389,'Cummings Blaise - 3 implants - model based - 2mm pilot.bsb',45,0,18593122,'application/octet-stream',1,1,389,1,'2014-12-04 10:46:00'),(390,'webimage1.jpg',47,0,857062,'image/jpeg',1,1,390,1,'2014-12-04 10:50:08'),(391,'Cummings Blaise - 3 implants - model based - 2mm pilot.bsb',36,0,18593122,'application/octet-stream',1,1,391,0,'2014-12-04 10:54:19'),(392,'webimage2.jpg',47,0,261107,'image/jpeg',1,1,392,1,'2014-12-04 10:57:56'),(393,'test.bsb',36,0,18593250,'application/octet-stream',1,1,393,0,'2014-12-04 11:07:27'),(394,'webimage1.jpg',47,0,1609024,'image/jpeg',1,1,394,1,'2014-12-04 21:26:27'),(395,'albensiPGLogo.png',45,0,28102,'image/png',1,1,395,1,'2014-12-07 09:08:34'),(396,'Cummings Blaise - 3 implants - model based - 2mm pilot.bsb',45,0,18593122,'application/octet-stream',1,1,396,1,'2014-12-07 09:10:40'),(397,'albensiPGLogo.png',36,0,28102,'image/png',1,1,397,1,'2014-12-08 08:59:23'),(398,'albensiPGLogo.png',36,0,28102,'image/png',1,1,398,0,'2014-12-08 09:00:04'),(399,'Cummings Blaise - 3 implants - model based - 2mm pilot.bsb',36,0,18593122,'application/octet-stream',1,1,399,1,'2014-12-08 09:02:12'),(400,'Capture.PNG',36,0,158408,'image/png',1,1,400,1,'2014-12-08 09:04:45'),(401,'emailimage1.jpg',47,0,419907,'image/jpeg',1,1,401,1,'2014-12-08 09:17:01'),(402,'emailimage2.jpg',47,0,85492,'image/jpeg',1,1,402,1,'2014-12-08 09:17:30'),(403,'emailimage3.jpg',47,0,163967,'image/jpeg',1,1,403,1,'2014-12-08 09:18:17'),(404,'albensiPGLogo.png',36,0,28102,'image/png',1,1,404,0,'2014-12-08 09:24:47'),(405,'albensiPGLogo.png',36,0,28102,'image/png',1,1,405,1,'2014-12-08 09:25:16'),(406,'Bauman Implant.jpg',54,0,132350,'image/jpeg',1,1,406,1,'2014-12-08 17:10:10'),(407,'webimage1.jpg',47,0,209835,'image/jpeg',1,1,407,1,'2014-12-09 17:10:24'),(408,'webimage1.jpg',47,0,1609024,'image/jpeg',1,1,408,1,'2014-12-09 17:15:22'),(409,'webimage1.jpg',47,0,419907,'image/jpeg',1,1,409,1,'2014-12-09 18:35:40'),(410,'build.xml',55,0,66673,'text/xml',1,1,410,0,'2014-12-11 18:32:26'),(411,'webimage1.jpg',47,0,514955,'image/jpeg',1,1,411,1,'2014-12-11 20:25:54'),(412,'webimage1.jpg',47,0,1609024,'image/jpeg',1,1,412,1,'2014-12-11 20:30:45'),(413,'webimage1.jpg',47,0,1609024,'image/jpeg',1,1,413,1,'2014-12-11 20:31:28'),(414,'webimage1.jpg',47,0,459057,'image/jpeg',1,1,414,1,'2014-12-12 08:20:40'),(415,'webimage1.jpg',47,0,514955,'image/jpeg',1,1,415,1,'2014-12-12 08:22:12'),(416,'Webimage2.JPG',47,0,7931796,'image/jpeg',1,1,416,0,'2014-12-12 08:50:50'),(417,'logo with line.PNG',36,0,1286,'image/png',1,1,417,1,'2014-12-14 08:24:54'),(418,'logo with space.PNG',36,0,1441,'image/png',1,1,418,1,'2014-12-14 08:25:43'),(419,'logo with line.PNG',36,0,1286,'image/png',1,1,419,1,'2014-12-14 08:26:17'),(420,'TAB Logo 2.png',32,0,42498,'image/png',1,1,420,1,'2014-12-14 10:23:33'),(421,'bio-view-on-appstore.png',36,0,23286,'image/png',1,1,421,0,'2014-12-14 11:37:01'),(422,'albensiPGLogo.png',36,0,28102,'image/png',1,1,422,1,'2014-12-15 16:41:45'),(423,'BlueSkyPlan_3.29.4-setup64.exe',36,0,107102248,'application/x-msdownload',1,1,423,1,'2014-12-15 16:54:22'),(424,'post-it-notes.jpg',56,0,89768,'image/jpeg',1,1,424,1,'2014-12-15 21:55:32'),(425,'post-it-note-with-a-pin.jpg',56,0,61953,'image/jpeg',1,1,425,1,'2014-12-15 21:58:07'),(426,'Capture.PNG',36,0,198283,'image/png',1,1,426,1,'2014-12-16 07:48:06'),(427,'emailimage3.jpg',36,0,163967,'image/jpeg',1,1,427,1,'2014-12-16 08:30:50'),(428,'BlueSkyPlan_3.29.7-setup64.exe',36,0,119050232,'application/x-msdownload',1,1,428,1,'2014-12-24 15:11:05');
/*!40000 ALTER TABLE `files` ENABLE KEYS */;
UNLOCK TABLES;

--
-- Table structure for table `monthtotals`
--

DROP TABLE IF EXISTS `monthtotals`;
/*!40101 SET @saved_cs_client     = @@character_set_client */;
/*!40101 SET character_set_client = utf8 */;
CREATE TABLE `monthtotals` (
  `userid` int(11) unsigned NOT NULL,
  `month` date NOT NULL,
  `maxcount` int(11) unsigned NOT NULL,
  `maxtotal` bigint(20) unsigned NOT NULL,
  PRIMARY KEY (`userid`,`month`)
) ENGINE=InnoDB DEFAULT CHARSET=utf8;
/*!40101 SET character_set_client = @saved_cs_client */;

--
-- Dumping data for table `monthtotals`
--

LOCK TABLES `monthtotals` WRITE;
/*!40000 ALTER TABLE `monthtotals` DISABLE KEYS */;
INSERT INTO `monthtotals` VALUES (1,'2012-07-01',21,2931761),(1,'2012-08-01',19,5026177),(1,'2012-09-01',21,5492982),(1,'2012-10-01',19,4590919),(1,'2012-11-01',15,4083998),(1,'2013-01-01',15,4256961),(1,'2013-02-01',18,4733268),(1,'2013-04-01',22,4972805),(1,'2014-12-01',0,0),(4,'2012-07-01',9,1223889),(31,'2012-07-01',3,243818),(31,'2012-08-01',5,269944),(31,'2012-09-01',6,294520),(31,'2012-10-01',10,3185962),(32,'2012-08-01',25,33564138),(32,'2012-09-01',27,6629621),(32,'2012-10-01',13,5115004),(32,'2012-11-01',13,10230823),(32,'2013-01-01',29,21900005),(32,'2013-02-01',46,26945346),(32,'2013-03-01',36,22232887),(32,'2014-08-01',46,22615846),(32,'2014-09-01',47,22749549),(32,'2014-10-01',47,22749549),(32,'2014-11-01',47,22749549),(32,'2014-12-01',0,0),(34,'2012-09-01',1,22120),(36,'2013-01-01',1,24552),(36,'2014-12-01',12,126332449),(40,'2014-11-01',1,1393086),(40,'2014-12-01',1,1393086),(41,'2014-11-01',0,0),(42,'2014-11-01',0,0),(43,'2014-11-01',0,0),(44,'2014-11-01',0,0),(45,'2014-11-01',0,0),(45,'2014-12-01',5,18020483),(46,'2014-11-01',5,18145633),(46,'2014-12-01',15,233731811),(47,'2014-11-01',0,0),(47,'2014-12-01',3,1990534),(48,'2014-11-01',0,0),(48,'2014-12-01',5,10402996),(51,'2014-12-01',0,0),(52,'2014-12-01',1,2360675),(53,'2014-12-01',1,2360675),(54,'2014-12-01',0,0),(56,'2014-12-01',0,0),(58,'2014-12-01',1,198283),(59,'2014-12-01',1,1286),(60,'2014-12-01',1,158408);
/*!40000 ALTER TABLE `monthtotals` ENABLE KEYS */;
UNLOCK TABLES;

--
-- Table structure for table `notes`
--

DROP TABLE IF EXISTS `notes`;
/*!40101 SET @saved_cs_client     = @@character_set_client */;
/*!40101 SET character_set_client = utf8 */;
CREATE TABLE `notes` (
  `id` int(11) unsigned NOT NULL AUTO_INCREMENT,
  `fileid` int(11) unsigned NOT NULL,
  `ownerid` int(11) unsigned NOT NULL,
  `added` timestamp NOT NULL DEFAULT CURRENT_TIMESTAMP,
  `note` mediumtext,
  PRIMARY KEY (`id`),
  KEY `ix_file` (`fileid`)
) ENGINE=InnoDB AUTO_INCREMENT=36 DEFAULT CHARSET=utf8;
/*!40101 SET character_set_client = @saved_cs_client */;

--
-- Dumping data for table `notes`
--

LOCK TABLES `notes` WRITE;
/*!40000 ALTER TABLE `notes` DISABLE KEYS */;
INSERT INTO `notes` VALUES (1,36,32,'2012-08-15 23:09:03','Sara has great teeth!'),(2,36,32,'2012-08-16 13:29:54','test note'),(3,36,1,'2012-08-16 13:31:19','Butterflies'),(4,27,32,'2012-08-16 13:33:01','What a great file!'),(5,27,32,'2012-08-16 13:34:45','This is the note to add'),(6,36,32,'2012-08-16 13:55:10','Fred Jim Sheila'),(7,33,32,'2012-08-16 18:18:45','Lior Morris'),(8,41,32,'2012-08-19 16:17:34','Are you sure?'),(9,42,32,'2012-08-27 21:23:08','What?  You must be joking!'),(10,44,32,'2012-08-28 10:29:25','Peter is great!'),(11,53,32,'2012-08-28 11:44:21','Freddie!  How could you?'),(12,61,34,'2012-09-24 12:17:03','Mike seems to be able to do anything.'),(13,33,32,'2013-01-09 13:54:47','I don\'t believe that we can make this work on a Wednesday.  Once we have the formal documentation, we can review again with a view to new recommendations.'),(14,312,32,'2014-08-28 15:47:03','hello'),(15,346,45,'2014-12-01 15:24:29','This is a test of a very long note'),(16,346,45,'2014-12-01 15:24:36','This is a test of a very long note'),(17,346,45,'2014-12-01 15:24:50','This is a test of a very long note'),(18,346,45,'2014-12-01 15:24:57','This is a test of a very long note'),(19,346,45,'2014-12-01 15:25:12','This is a test of a very long note'),(20,346,45,'2014-12-01 15:25:50','This is a test of a very long note'),(21,336,48,'2014-12-01 15:26:05','One two three'),(22,336,48,'2014-12-01 15:26:16','One two three'),(23,336,48,'2014-12-01 15:26:26','One two three'),(24,346,45,'2014-12-01 15:32:33','This is a test of a very long note d'),(25,364,45,'2014-12-01 16:24:46','dasfd'),(26,364,45,'2014-12-04 10:30:10','test note test notetest notetest notetest notetest notetest notetest notetest notetest note test notetest notetest notetest notetest notetest note'),(27,364,45,'2014-12-04 10:30:25','test note test notetest notetest notetest notetest notetest notetest notetest notetest note test notetest notetest notetest notetest notetest note'),(28,339,47,'2014-12-04 17:52:37','dsadf'),(29,339,47,'2014-12-04 17:52:41','sdfaddsadf'),(30,388,45,'2014-12-23 20:15:47','tesats'),(31,388,45,'2014-12-23 20:15:51','tesatsda'),(32,426,36,'2014-12-24 14:53:54','da'),(33,426,36,'2014-12-24 14:53:57','dad'),(34,405,36,'2014-12-24 17:16:30','test1'),(35,405,36,'2014-12-24 17:16:37','test2');
/*!40000 ALTER TABLE `notes` ENABLE KEYS */;
UNLOCK TABLES;

--
-- Table structure for table `packages`
--

DROP TABLE IF EXISTS `packages`;
/*!40101 SET @saved_cs_client     = @@character_set_client */;
/*!40101 SET character_set_client = utf8 */;
CREATE TABLE `packages` (
  `id` int(11) unsigned NOT NULL AUTO_INCREMENT,
  `name` varchar(32) NOT NULL,
  `price` decimal(8,2) NOT NULL,
  `storage` bigint(20) NOT NULL COMMENT '0 for unlimited',
  `bandwidth` bigint(20) NOT NULL,
  `expiry` int(11) NOT NULL COMMENT 'file duration - 0 for never',
  `receiveshare` tinyint(1) NOT NULL,
  `sendshare` tinyint(1) NOT NULL,
  `recovery` tinyint(1) NOT NULL COMMENT 'of deleted files',
  `basicviewing` tinyint(1) NOT NULL,
  `advancedviewing` tinyint(1) NOT NULL,
  `shareconfirm` tinyint(1) NOT NULL,
  `emailnotify` tinyint(1) NOT NULL,
  `smsnotify` tinyint(1) NOT NULL,
  PRIMARY KEY (`id`)
) ENGINE=InnoDB AUTO_INCREMENT=5 DEFAULT CHARSET=utf8;
/*!40101 SET character_set_client = @saved_cs_client */;

--
-- Dumping data for table `packages`
--

LOCK TABLES `packages` WRITE;
/*!40000 ALTER TABLE `packages` DISABLE KEYS */;
INSERT INTO `packages` VALUES (1,'Free',0.00,3221225472,2147483648,7,0,0,0,0,0,0,0,0),(2,'Paid',19.95,107374182400,53687091200,0,0,0,0,0,0,0,0,0);
/*!40000 ALTER TABLE `packages` ENABLE KEYS */;
UNLOCK TABLES;

--
-- Table structure for table `patients`
--

DROP TABLE IF EXISTS `patients`;
/*!40101 SET @saved_cs_client     = @@character_set_client */;
/*!40101 SET character_set_client = utf8 */;
CREATE TABLE `patients` (
  `id` int(11) unsigned NOT NULL AUTO_INCREMENT,
  `firstname` varchar(64) NOT NULL,
  `lastname` varchar(64) NOT NULL,
  `identifier` varchar(64) NOT NULL,
  `notes` text NOT NULL,
  `createdby` int(11) unsigned NOT NULL,
  `created` timestamp NOT NULL DEFAULT CURRENT_TIMESTAMP,
  PRIMARY KEY (`id`),
  KEY `ix_name` (`firstname`,`lastname`)
) ENGINE=MyISAM AUTO_INCREMENT=21 DEFAULT CHARSET=utf8;
/*!40101 SET character_set_client = @saved_cs_client */;

--
-- Dumping data for table `patients`
--

LOCK TABLES `patients` WRITE;
/*!40000 ALTER TABLE `patients` DISABLE KEYS */;
INSERT INTO `patients` VALUES (1,'Moshe','Saltzman','123','',1,'2012-06-21 20:18:36'),(2,'Chaim','Rand','10-10-10','',1,'2012-06-21 20:18:47'),(3,'Sherlock','Holmes','','',1,'2012-06-21 20:21:31'),(4,'Andrew','Watson','','',1,'2012-06-21 20:21:43'),(5,'Sara','Elliott','','',1,'2012-06-21 20:21:49'),(6,'Anthony','Summers','','',32,'2012-08-15 14:51:54'),(7,'Peter','Hills','','',32,'2012-08-15 14:53:31'),(8,'Simon','Jones','','',32,'2012-08-19 14:12:53'),(15,'Mike','Smith','','',34,'2012-09-24 12:17:01'),(10,'Dov','Feinerman','','',32,'2012-08-27 21:22:37'),(14,'Fred','Bloggs','','',32,'2012-09-02 17:44:34'),(16,'Martha','Simms','','',32,'2013-01-29 11:53:17'),(17,'Mike','Post','','',32,'2013-01-29 11:54:12'),(18,'Arthur','Heff','','',32,'2013-01-29 11:54:58'),(19,'Joe','','','',45,'2014-12-01 15:33:49'),(20,'Yishai','','','',40,'2014-12-03 19:25:27');
/*!40000 ALTER TABLE `patients` ENABLE KEYS */;
UNLOCK TABLES;

--
-- Table structure for table `shares`
--

DROP TABLE IF EXISTS `shares`;
/*!40101 SET @saved_cs_client     = @@character_set_client */;
/*!40101 SET character_set_client = utf8 */;
CREATE TABLE `shares` (
  `userid` int(11) NOT NULL,
  `fileid` int(11) NOT NULL,
  `viewed` tinyint(1) NOT NULL,
  `datetime` datetime NOT NULL DEFAULT '0000-00-00 00:00:00',
  `sharerid` int(11) unsigned NOT NULL,
  PRIMARY KEY (`userid`,`fileid`)
) ENGINE=MyISAM DEFAULT CHARSET=utf8;
/*!40101 SET character_set_client = @saved_cs_client */;

--
-- Dumping data for table `shares`
--

LOCK TABLES `shares` WRITE;
/*!40000 ALTER TABLE `shares` DISABLE KEYS */;
INSERT INTO `shares` VALUES (32,270,1,'2013-01-29 23:00:40',32),(1,64,1,'2013-01-09 14:55:43',32),(4,5,1,'2012-06-22 14:22:11',1),(31,36,0,'2012-08-15 23:09:01',32),(32,32,1,'2012-10-15 14:51:54',32),(32,40,1,'2012-10-22 13:51:05',32),(32,62,1,'2012-09-24 13:04:57',32),(1,254,1,'2013-01-29 13:35:10',32),(32,33,1,'2012-10-15 14:53:08',32),(4,2,1,'2012-06-22 01:13:58',4),(4,4,1,'2012-06-22 01:16:48',4),(4,6,1,'2012-06-23 22:03:24',4),(1,272,0,'2013-01-30 14:43:59',1),(4,11,1,'2012-06-25 10:58:16',1),(31,10,1,'2012-06-24 12:42:31',1),(1,15,1,'0000-00-00 00:00:00',0),(31,40,0,'2012-10-23 13:02:38',32),(31,26,0,'2012-10-23 13:00:58',1),(1,33,1,'2013-01-09 14:54:03',32),(32,30,1,'2013-01-09 14:51:42',1),(1,28,1,'2012-07-19 15:54:00',1),(4,16,1,'2012-07-19 12:51:04',1),(4,18,1,'2012-07-19 15:03:53',1),(4,20,1,'2012-07-19 15:12:59',1),(31,20,1,'2012-07-19 15:12:59',1),(4,25,1,'2012-07-19 15:25:08',1),(31,29,1,'2012-07-19 15:57:06',1),(1,30,1,'2012-07-19 16:42:17',1),(32,35,0,'2012-08-15 18:13:33',32),(32,234,1,'2013-01-24 08:22:42',32),(31,34,1,'2012-08-15 14:53:31',32),(31,27,1,'2012-07-19 15:51:50',1),(1,40,1,'2012-08-19 14:12:55',32),(32,59,1,'2012-08-29 15:01:11',32),(32,41,0,'2012-08-27 21:22:37',32),(32,44,0,'2012-08-28 10:29:22',32),(32,45,0,'2012-08-28 10:29:54',32),(32,46,0,'2012-08-28 10:56:45',32),(32,47,0,'2012-08-28 10:59:26',32),(32,48,0,'2012-08-28 11:00:48',32),(32,56,1,'2012-08-29 13:04:33',32),(32,50,0,'2012-08-28 11:11:15',32),(32,51,0,'2012-08-28 11:36:17',32),(1,51,0,'2012-08-28 11:36:17',32),(1,52,0,'2012-08-28 11:37:24',1),(32,52,0,'2012-08-28 11:37:24',1),(1,53,1,'2012-08-28 11:43:47',32),(1,32,1,'2012-10-22 12:12:31',32),(32,58,1,'2012-08-29 14:57:51',32),(32,67,1,'2012-10-21 12:48:43',32),(34,61,1,'2012-09-24 11:17:01',34),(32,233,1,'2013-01-24 08:22:17',32),(1,43,1,'2012-08-27 23:50:28',32),(31,43,0,'2012-08-27 23:50:28',32),(32,60,1,'2012-08-29 15:01:32',32),(32,26,1,'2012-10-22 13:53:12',1),(31,56,0,'2012-10-15 15:48:04',32),(32,64,1,'2012-10-14 12:48:04',32),(32,68,1,'2012-11-27 19:39:09',32),(32,232,1,'2013-01-23 22:46:54',32),(32,230,1,'2013-01-23 21:37:05',32),(32,229,1,'2013-01-23 21:34:36',32),(32,228,1,'2013-01-23 21:33:29',32),(32,226,1,'2013-01-23 21:29:19',32),(32,221,1,'2013-01-23 18:25:39',32),(32,220,1,'2013-01-23 18:06:59',32),(36,253,0,'2013-01-29 10:52:08',32),(32,244,1,'2013-01-24 09:03:49',32),(32,245,1,'2013-01-24 12:36:17',32),(32,246,1,'2013-01-24 12:37:00',32),(32,247,1,'2013-01-24 14:39:45',32),(32,254,1,'2013-01-29 10:50:49',32),(32,251,1,'2013-01-25 12:32:19',32),(1,243,0,'2013-01-24 14:57:21',32),(32,268,1,'2013-01-29 23:00:23',32),(32,267,1,'2013-01-29 23:00:08',32),(32,266,1,'2013-01-29 22:59:55',32),(1,263,1,'2013-01-29 14:09:56',32),(32,264,1,'2013-01-29 14:11:25',32),(1,273,0,'2013-02-02 19:35:19',1),(1,274,0,'2013-02-03 14:32:49',1),(1,275,0,'2013-02-03 14:38:36',1),(1,289,1,'2013-02-21 23:11:54',32),(32,294,1,'2013-02-23 21:47:07',32),(1,291,1,'2013-02-21 23:17:11',32),(32,293,1,'2013-02-23 20:42:20',32),(1,294,1,'2013-02-26 22:58:23',0),(32,295,0,'2013-03-14 22:56:14',0),(1,295,0,'2013-03-14 22:56:17',0),(32,296,1,'2013-03-14 22:57:22',0),(1,296,0,'2013-03-14 22:57:25',0),(32,297,1,'2013-03-14 23:02:21',0),(1,297,0,'2013-03-14 23:02:24',0),(32,298,1,'2013-03-14 23:07:41',0),(1,298,0,'2013-03-14 23:07:45',0),(32,299,1,'2013-03-28 16:27:47',0),(37,300,0,'2013-04-30 12:35:32',0),(38,301,0,'2013-04-30 12:38:09',0),(1,302,0,'2013-05-07 08:12:24',0),(32,303,0,'2013-06-18 13:35:15',0),(32,304,0,'2013-06-18 13:38:32',0),(32,305,0,'2013-06-18 13:39:00',0),(32,306,0,'2013-06-18 13:40:11',0),(32,307,1,'2013-06-18 13:43:00',0),(32,308,0,'2013-06-18 13:45:49',0),(32,309,1,'2013-06-18 14:16:31',0),(32,310,1,'2013-06-18 14:22:58',0),(32,311,1,'2013-06-18 14:23:41',0),(32,312,1,'2014-08-23 21:32:42',0),(1,313,0,'2014-10-29 11:19:42',0),(32,314,0,'2014-11-10 12:30:20',0),(32,315,0,'2014-11-10 14:25:34',0),(36,316,0,'2014-11-10 14:29:23',0),(39,316,0,'2014-11-10 14:29:25',0),(36,317,0,'2014-11-10 14:30:10',0),(39,317,0,'2014-11-10 14:30:12',0),(40,386,0,'2014-12-01 11:17:15',0),(32,319,0,'2014-11-17 21:29:39',0),(45,345,0,'2014-11-30 13:13:34',0),(46,320,0,'2014-11-18 06:15:04',0),(45,321,0,'2014-11-18 06:16:15',0),(46,321,0,'2014-11-18 06:16:15',0),(45,344,0,'2014-11-30 12:57:07',0),(46,322,0,'2014-11-18 06:16:47',0),(45,323,0,'2014-11-18 06:17:23',0),(46,323,0,'2014-11-18 06:17:24',0),(48,331,0,'2014-11-30 03:19:20',0),(44,325,0,'2014-11-18 09:00:41',0),(43,326,0,'2014-11-18 09:03:47',0),(43,327,0,'2014-11-18 09:03:56',0),(43,328,0,'2014-11-18 09:04:38',0),(32,329,0,'2014-11-19 18:54:47',0),(32,330,0,'2014-11-19 18:54:51',0),(48,332,0,'2014-11-30 03:19:21',0),(48,333,0,'2014-11-30 03:19:22',0),(48,334,0,'2014-11-30 03:19:25',0),(47,401,0,'2014-12-08 04:17:01',0),(48,336,0,'2014-11-30 03:19:27',0),(47,338,0,'2014-11-30 03:32:28',0),(47,339,0,'2014-11-30 03:32:31',0),(47,341,0,'2014-11-30 12:45:41',0),(47,342,0,'2014-11-30 12:48:26',0),(49,343,0,'2014-11-30 12:54:27',0),(46,343,0,'2014-11-30 12:55:35',0),(50,345,0,'2014-11-30 13:13:34',0),(45,346,0,'2014-11-30 13:30:11',0),(50,346,0,'2014-11-30 13:30:12',0),(46,346,0,'2014-12-01 10:11:03',0),(46,344,0,'2014-12-01 10:11:44',0),(51,348,0,'2014-12-01 10:26:15',0),(51,349,0,'2014-12-01 10:26:20',0),(48,350,0,'2014-12-01 10:27:08',0),(52,336,0,'2014-12-01 10:28:48',0),(53,336,0,'2014-12-01 10:29:08',0),(45,388,0,'2014-12-04 05:42:41',0),(51,352,0,'2014-12-01 10:31:03',0),(51,353,0,'2014-12-01 10:31:07',0),(51,354,0,'2014-12-01 10:31:15',0),(48,355,0,'2014-12-01 10:31:28',0),(48,356,0,'2014-12-01 10:33:45',0),(51,357,0,'2014-12-01 10:34:08',0),(48,358,0,'2014-12-01 10:34:12',0),(51,359,0,'2014-12-01 10:34:40',0),(48,360,0,'2014-12-01 10:34:46',0),(48,361,0,'2014-12-01 10:35:02',0),(46,388,0,'2014-12-04 05:42:43',0),(48,363,0,'2014-12-01 10:35:29',0),(45,364,0,'2014-12-01 10:35:30',0),(51,365,0,'2014-12-01 10:35:58',0),(48,366,0,'2014-12-01 10:36:13',0),(48,367,0,'2014-12-01 10:36:13',0),(48,368,0,'2014-12-01 10:36:14',0),(40,369,0,'2014-12-01 10:36:44',0),(51,370,0,'2014-12-01 10:37:25',0),(51,371,0,'2014-12-01 10:37:43',0),(51,372,0,'2014-12-01 10:37:55',0),(51,373,0,'2014-12-01 10:38:09',0),(40,374,0,'2014-12-01 10:39:04',0),(40,375,0,'2014-12-01 10:39:08',0),(40,376,0,'2014-12-01 10:39:09',0),(40,377,0,'2014-12-01 10:39:35',0),(40,378,0,'2014-12-01 10:39:38',0),(40,379,0,'2014-12-01 10:39:45',0),(40,380,0,'2014-12-01 10:41:10',0),(40,381,0,'2014-12-01 10:41:27',0),(40,382,0,'2014-12-01 10:42:22',0),(40,383,0,'2014-12-01 10:42:24',0),(45,395,0,'2014-12-07 04:08:34',0),(40,385,0,'2014-12-01 10:42:26',0),(40,387,0,'2014-12-03 14:25:46',0),(46,364,0,'2014-12-04 05:30:18',0),(47,394,0,'2014-12-04 16:26:27',0),(46,389,0,'2014-12-04 05:46:01',0),(36,391,0,'2014-12-04 05:54:19',0),(47,392,0,'2014-12-04 05:57:56',0),(36,393,0,'2014-12-04 06:07:27',0),(45,396,0,'2014-12-07 04:10:40',0),(46,396,0,'2014-12-07 04:10:40',0),(36,428,0,'2014-12-24 10:11:05',0),(46,397,0,'2014-12-08 03:59:23',0),(36,398,0,'2014-12-08 04:00:04',0),(46,398,0,'2014-12-08 04:00:05',0),(60,400,0,'2014-12-24 10:02:34',0),(46,399,0,'2014-12-08 04:02:13',0),(36,400,0,'2014-12-08 04:04:45',0),(46,400,0,'2014-12-08 04:04:45',0),(47,402,0,'2014-12-08 04:17:30',0),(47,403,0,'2014-12-08 04:18:17',0),(36,404,0,'2014-12-08 04:24:47',0),(46,404,0,'2014-12-08 04:24:48',0),(36,405,0,'2014-12-08 04:25:16',0),(46,405,0,'2014-12-08 04:25:16',0),(54,406,0,'2014-12-08 12:10:10',0),(39,406,0,'2014-12-08 12:10:10',0),(47,408,0,'2014-12-09 12:15:22',0),(47,409,0,'2014-12-09 13:35:40',0),(55,410,0,'2014-12-11 13:32:26',0),(47,411,0,'2014-12-11 15:25:54',0),(47,414,0,'2014-12-12 03:20:40',0),(47,415,0,'2014-12-12 03:22:12',0),(47,416,0,'2014-12-12 03:50:50',0),(36,417,0,'2014-12-14 03:24:54',0),(36,418,0,'2014-12-14 03:25:43',0),(46,418,0,'2014-12-14 03:25:43',0),(36,419,0,'2014-12-14 03:26:17',0),(32,420,0,'2014-12-14 05:23:33',0),(36,421,0,'2014-12-14 06:37:01',0),(36,422,0,'2014-12-15 11:41:45',0),(46,422,0,'2014-12-15 11:41:45',0),(36,423,0,'2014-12-15 11:54:22',0),(46,423,0,'2014-12-15 11:54:26',0),(56,424,0,'2014-12-15 16:55:32',0),(57,424,0,'2014-12-15 16:55:33',0),(56,425,0,'2014-12-15 16:58:07',0),(36,426,0,'2014-12-16 02:48:06',0),(46,426,0,'2014-12-16 02:48:07',0),(36,427,0,'2014-12-16 03:30:50',0),(46,427,0,'2014-12-16 03:30:50',0),(46,395,0,'2014-12-23 15:16:28',0),(36,395,0,'2014-12-23 15:16:50',0),(58,426,0,'2014-12-24 09:53:48',0),(46,419,0,'2014-12-24 09:55:02',0),(59,419,0,'2014-12-24 09:53:39',0),(46,428,0,'2014-12-24 10:11:10',0);
/*!40000 ALTER TABLE `shares` ENABLE KEYS */;
UNLOCK TABLES;

--
-- Table structure for table `statuses`
--

DROP TABLE IF EXISTS `statuses`;
/*!40101 SET @saved_cs_client     = @@character_set_client */;
/*!40101 SET character_set_client = utf8 */;
CREATE TABLE `statuses` (
  `id` bigint(20) unsigned NOT NULL AUTO_INCREMENT,
  `name` varchar(32) NOT NULL,
  `description` text NOT NULL,
  PRIMARY KEY (`id`),
  UNIQUE KEY `id` (`id`)
) ENGINE=MyISAM AUTO_INCREMENT=7 DEFAULT CHARSET=utf8;
/*!40101 SET character_set_client = @saved_cs_client */;

--
-- Dumping data for table `statuses`
--

LOCK TABLES `statuses` WRITE;
/*!40000 ALTER TABLE `statuses` DISABLE KEYS */;
INSERT INTO `statuses` VALUES (1,'None','No status has been set for this file'),(2,'Open','This case is open'),(3,'Closed','This case has been closed.'),(4,'Awaiting Approval','File is waiting for approval.'),(5,'Approved','Approval for this file has been given'),(6,'Revisit','This file was approved, but now needs to be revisited.');
/*!40000 ALTER TABLE `statuses` ENABLE KEYS */;
UNLOCK TABLES;

--
-- Table structure for table `users`
--

DROP TABLE IF EXISTS `users`;
/*!40101 SET @saved_cs_client     = @@character_set_client */;
/*!40101 SET character_set_client = utf8 */;
CREATE TABLE `users` (
  `id` int(11) unsigned NOT NULL AUTO_INCREMENT,
  `username` varchar(64) NOT NULL,
  `firstname` varchar(64) NOT NULL,
  `lastname` varchar(64) NOT NULL,
  `typeid` int(11) unsigned NOT NULL,
  `packageid` int(11) unsigned NOT NULL DEFAULT '1',
  `created` timestamp NOT NULL DEFAULT CURRENT_TIMESTAMP,
  `lastlogin` timestamp NOT NULL DEFAULT '0000-00-00 00:00:00',
  `password` varchar(64) NOT NULL,
  `uuid` varchar(64) NOT NULL,
  `smsnumber` varchar(64) NOT NULL,
  `emailnotifications` tinyint(1) NOT NULL DEFAULT '1',
  `smsnotifications` tinyint(1) NOT NULL DEFAULT '1',
  `confirmed` tinyint(1) NOT NULL,
  PRIMARY KEY (`id`),
  UNIQUE KEY `ix_username` (`username`)
) ENGINE=MyISAM AUTO_INCREMENT=61 DEFAULT CHARSET=utf8;
/*!40101 SET character_set_client = @saved_cs_client */;

--
-- Dumping data for table `users`
--

LOCK TABLES `users` WRITE;
/*!40000 ALTER TABLE `users` DISABLE KEYS */;
INSERT INTO `users` VALUES (1,'daniel@dan35.com','Daniel','Morris',4,1,'2012-06-25 21:53:55','2014-12-22 13:36:35','*DCB7481850A9F770151655DB59D89AA6A861C132','5499c67d76d323.33971297','972525520987',1,1,1),(4,'fred@dan35.com','Fred','Flintstone',4,1,'2012-06-25 21:53:55','2012-06-27 00:19:29','*1741A6F54CCD2352191905B8D0304081BE84656F','','',0,0,0),(31,'ses@dan35.com','','',2,1,'2012-07-02 22:23:27','2012-10-23 14:01:57','*DCB7481850A9F770151655DB59D89AA6A861C132','','',1,1,0),(32,'dv@dan35.com','Dan','Vault',1,2,'2012-08-15 14:06:44','2014-12-22 12:25:50','*DCB7481850A9F770151655DB59D89AA6A861C132','502d485a1292f8.45099487','972525520987',1,1,1),(33,'dent@dan35.com','','',4,1,'2012-08-16 21:38:24','0000-00-00 00:00:00','*DCB7481850A9F770151655DB59D89AA6A861C132','','',0,0,0),(34,'info@dan35.com','Info','Info',4,1,'2012-09-24 12:08:55','2012-09-24 12:09:03','*DCB7481850A9F770151655DB59D89AA6A861C132','','',0,0,0),(35,'dv@sarandaniel.com','','',4,1,'2013-01-15 12:32:33','2013-01-15 12:32:42','*DCB7481850A9F770151655DB59D89AA6A861C132','','',1,1,0),(36,'msaltz@gmail.com','','',0,1,'2013-01-29 11:52:07','2014-12-24 16:14:55','*CEE6D4633880FB23BE49A9521108D32CFD732919','548569650987b6.95436206','',1,1,1),(38,'daniel.morris@dan35.com','','',0,1,'2013-04-30 13:38:07','2013-04-30 13:38:36','*FFE1E224D939C04F37D4082753EDE8BA4230C1CF','517f9f0fda5490.25207382','',1,1,0),(39,'docaz1@gmail.com','','',0,1,'2014-11-10 14:29:25','0000-00-00 00:00:00','*FFE1E224D939C04F37D4082753EDE8BA4230C1CF','5460cbc518dd44.10510832','',1,1,0),(40,'yishail@gmail.com','','',0,1,'2014-11-16 21:48:17','2014-12-23 19:47:18','*FD571203974BA9AFE270FE62151AE967ECA5E0AA','5499c6cfc60899.38000129','',1,1,1),(41,'test5@test.com','','',0,1,'2014-11-18 09:07:56','2014-11-18 09:07:56','*6BB4837EB74329105EE4568DDA7DC67ED2CA2AD9','','',1,1,0),(42,'test55@test.com','','',0,1,'2014-11-18 09:34:50','2014-11-18 09:34:50','*6BB4837EB74329105EE4568DDA7DC67ED2CA2AD9','5499c66b98fa63.38273880','',1,1,0),(43,'test45@test.com','','',0,1,'2014-11-18 09:37:49','2014-11-18 14:04:47','*6BB4837EB74329105EE4568DDA7DC67ED2CA2AD9','','',1,1,0),(44,'test46@test.com','','',0,1,'2014-11-18 09:47:14','2014-11-18 09:47:14','*6BB4837EB74329105EE4568DDA7DC67ED2CA2AD9','','',1,1,0),(45,'m.saltz@gmail.com','','',0,1,'2014-11-18 11:13:20','2014-12-23 20:15:15','*CEE6D4633880FB23BE49A9521108D32CFD732919','546bb7f2120066.47682114','',1,1,1),(46,'msaltzman@blueskybio.com','','',0,1,'2014-11-18 11:15:04','0000-00-00 00:00:00','*FFE1E224D939C04F37D4082753EDE8BA4230C1CF','546b2a38124cc3.87679648','',1,1,0),(47,'plan@blueskybio.com','','',1,1,'2014-11-18 18:56:01','2014-12-24 16:14:36','*8D209D550E9BB800FF8BC0B931A4F553C7F94E27','54998a04a7a0a4.66254367','',1,1,1),(48,'daniel@biobigbox.com','','',0,1,'2014-11-20 15:17:26','2014-12-01 15:30:54','*561DA2A287458A0D869CAF3EBA9C92E526B6DF0E','546e060694dd72.86889990','',1,1,0),(49,'msaltzman@bluesky','','',0,1,'2014-11-30 17:54:27','0000-00-00 00:00:00','*FFE1E224D939C04F37D4082753EDE8BA4230C1CF','547b59d3134199.28497919','',1,1,0),(50,'ms.altz@gmail.com','','',0,1,'2014-11-30 18:13:34','0000-00-00 00:00:00','*FFE1E224D939C04F37D4082753EDE8BA4230C1CF','547b5e4e3182f2.69541766','',1,1,0),(51,'docaz@hotmail.com','','',0,1,'2014-12-01 15:26:14','2014-12-22 20:29:36','*12BA4CF19ABB2EEA0D08E72153DAF57AFD4B2CFF','549a280e5129c2.28914205','',1,1,1),(52,'undefined','','',0,1,'2014-12-01 15:28:47','0000-00-00 00:00:00','*DF1252D1121B8F3D3EB7AAFF42126EC8222C508B','547c892fd58042.87740875','',1,1,0),(53,'fred','','',0,1,'2014-12-01 15:29:08','0000-00-00 00:00:00','*DF1252D1121B8F3D3EB7AAFF42126EC8222C508B','547c8944087336.65301045','',1,1,0),(54,'sheldonlerner@gmail.com','','',0,1,'2014-12-08 17:08:55','2014-12-08 22:04:15','*2DB9EBC7983F74CA7F5457DB9A209CB916186620','5485db276bc9c3.86171869','',1,1,1),(55,'dfsdf@cdfsdf','','',0,1,'2014-12-11 18:32:26','0000-00-00 00:00:00','*B158D2D0817383A7EACA7097D17EAFA5483E86A4','5489e33a115ba8.83931932','',1,1,0),(56,'matthew@biobigbox.com','','',0,1,'2014-12-15 21:55:32','2014-12-15 21:55:57','*3484F1C760588EA85B8162909B10EBDAFAE48245','548f58d45083d9.29386526','',1,1,0),(57,'freddie@biobigbox.com','','',0,1,'2014-12-15 21:55:33','0000-00-00 00:00:00','*AF80DDB6934E856AC331C4E14C7D6280074B7DF1','548f58d5205379.27292914','',1,1,0),(58,'msa','','',0,1,'2014-12-24 14:49:48','0000-00-00 00:00:00','*FFE1E224D939C04F37D4082753EDE8BA4230C1CF','549ad28c527ac8.15966131','',1,1,0),(59,'maaltzman@blueskybio.com','','',0,1,'2014-12-24 14:53:38','0000-00-00 00:00:00','*FFE1E224D939C04F37D4082753EDE8BA4230C1CF','549ad372c127a4.38611213','',1,1,0),(60,'msal..tz@gmail.com','','',0,1,'2014-12-24 15:02:33','0000-00-00 00:00:00','*FFE1E224D939C04F37D4082753EDE8BA4230C1CF','549ad589b45a87.34337815','',1,1,0);
/*!40000 ALTER TABLE `users` ENABLE KEYS */;
UNLOCK TABLES;

--
-- Table structure for table `usertypes`
--

DROP TABLE IF EXISTS `usertypes`;
/*!40101 SET @saved_cs_client     = @@character_set_client */;
/*!40101 SET character_set_client = utf8 */;
CREATE TABLE `usertypes` (
  `id` bigint(20) unsigned NOT NULL AUTO_INCREMENT,
  `name` varchar(32) NOT NULL,
  PRIMARY KEY (`id`),
  UNIQUE KEY `id` (`id`)
) ENGINE=MyISAM AUTO_INCREMENT=6 DEFAULT CHARSET=utf8;
/*!40101 SET character_set_client = @saved_cs_client */;

--
-- Dumping data for table `usertypes`
--

LOCK TABLES `usertypes` WRITE;
/*!40000 ALTER TABLE `usertypes` DISABLE KEYS */;
INSERT INTO `usertypes` VALUES (1,'Admin'),(2,'Scan Center'),(3,'Laboratory'),(4,'Dentist'),(5,'Other');
/*!40000 ALTER TABLE `usertypes` ENABLE KEYS */;
UNLOCK TABLES;
/*!40103 SET TIME_ZONE=@OLD_TIME_ZONE */;

/*!40101 SET SQL_MODE=@OLD_SQL_MODE */;
/*!40014 SET FOREIGN_KEY_CHECKS=@OLD_FOREIGN_KEY_CHECKS */;
/*!40014 SET UNIQUE_CHECKS=@OLD_UNIQUE_CHECKS */;
/*!40101 SET CHARACTER_SET_CLIENT=@OLD_CHARACTER_SET_CLIENT */;
/*!40101 SET CHARACTER_SET_RESULTS=@OLD_CHARACTER_SET_RESULTS */;
/*!40101 SET COLLATION_CONNECTION=@OLD_COLLATION_CONNECTION */;
/*!40111 SET SQL_NOTES=@OLD_SQL_NOTES */;

-- Dump completed on 2014-12-25 16:22:34
